year,make,model,price,mileage,Miles per gallon,cylinders,fuel,Drive type,Transmission,Color,Bed Length,Motor,Reported by AutoCheck® View History Report,31 City / 40 Hwy,Coverage up to 150000 odometer miles or 48 months Learn More,Prior Use,"Under 20,000 Miles","Balance of 3 Years or 36,000 Miles may apply. See store for details Learn More",Coverage up to 150000 odometer miles or 60 months Learn More,"Third Row Seat, Automated Cruise Control, Leather Seats, Sunroof(s), Apple CarPlay",29 City / 37 Hwy,Range (when new),Time to fully charge battery (240V),"Less than 9,000 miles per year",27 City / 36 Hwy,Take a closer look at the interior and exterior condition of this car. View Photos
2019,Honda,HR-V Sport,21998,18000,26 city/31 hwy,4-cyl,Gas,All Wheel Drive,Automatic,Blue/Black,,,,,,,,,,,,,,,,
2020,Honda,CR-V EX,27998,31000,27 city/32 hwy,4-cyl,Turbo Gas,All Wheel Drive,Automatic,Blue/Gray,,,,,,,,,,,,,,,,
2020,Honda,CR-V EX,27998,19000,27 city/32 hwy,4-cyl,Turbo Gas,All Wheel Drive,Automatic,White/Tan,,,,,,,,,,,,,,,,
2016,Honda,Civic LX,18998,55000,31 city/41 hwy,4-cyl,Gas,Front Wheel Drive,Automatic,Black/Black,,,,,,,,,,,,,,,,
2019,Honda,Accord Sport,23998,67000,29 city/35 hwy,4-cyl,Turbo Gas,Front Wheel Drive,Automatic,Gray/Black,,,,,,,,,,,,,,,,
2016,Honda,CR-V EX,24998,12000,25 city/31 hwy,,,,Automatic,Blue/Gray,,,,,,,,,,,,,,,,
2020,Honda,Accord Sport,25998,47000,22 city/32 hwy,4-cyl,Turbo Gas,Front Wheel Drive,Automatic,White/Black,,,,,,,,,,,,,,,,
2013,Honda,Odyssey EX-L,17998,89000,18 city/27 hwy,6-cyl,Gas,Front Wheel Drive,Automatic,Gray/Gray,,,,,,,,,,,,,,,,
2019,Honda,CR-V EX-L,27998,16000,28 city/34 hwy,4-cyl,Turbo Gas,Front Wheel Drive,Automatic,Gray/Gray,,,,,,,,,,,,,,,,
2023,Honda,Ridgeline RTL,37998,9000,18 city/24 hwy,6-cyl,Gas,All Wheel Drive,Automatic,Black/Black,5 ft,,,,,,,,,,,,,,,
2016,Honda,CR-V EX,15998,112000,26 city/33 hwy,4-cyl,Gas,Front Wheel Drive,Automatic,Black/Black,,,,,,,,,,,,,,,,
2019,Honda,CR-V EX,27998,10000,27 city/33 hwy,4-cyl,Turbo Gas,All Wheel Drive,Automatic,Blue/Gray,,,,,,,,,,,,,,,,
2014,Honda,CR-V LX,14998,88000,23 city/31 hwy,4-cyl,Gas,Front Wheel Drive,Automatic,Gray/Gray,,,,,,,,,,,,,,,,
2022,Honda,Civic Sport,24998,44000,30 city/37 hwy,4-cyl,Gas,Front Wheel Drive,Automatic,Black/Black,,,,,,,,,,,,,,,,
2019,Honda,Accord LX,21998,58000,30 city/38 hwy,4-cyl,Turbo Gas,Front Wheel Drive,Automatic,Silver/Gray,,,,,,,,,,,,,,,,
2020,Honda,Pilot EX-L,27998,47000,18 city/26 hwy,6-cyl,Gas,All Wheel Drive,Automatic,Gray/Black,,,,,,,,,,,,,,,,
2022,Honda,Civic Sport,25998,34000,29 city/37 hwy,4-cyl,Gas,Front Wheel Drive,Automatic,Red/Black,,,,,,,,,,,,,,,,
2021,Honda,Civic EX,25998,32000,31 city/40 hwy,,,,Automatic,Gray/Black,,,,,,,,,,,,,,,,
2024,Honda,HR-V Sport,28998,8000,25 city/30 hwy,4-cyl,Gas,All Wheel Drive,Automatic,Black/Black,,,,,,,,,,,,,,,,
2018,Honda,Civic EX,17998,84000,31 city/40 hwy,4-cyl,Gas,Front Wheel Drive,Automatic,Silver/Black,,,,,,,,,,,,,,,,
2017,Honda,Pilot EX-L,25998,60000,18 city/26 hwy,6-cyl,Gas,All Wheel Drive,Automatic,White/Tan,,,,,,,,,,,,,,,,
2021,Honda,Civic EX,23998,35000,31 city/40 hwy,4-cyl,Turbo Gas,Front Wheel Drive,Automatic,Silver/Black,,,,,,,,,,,,,,,,
2016,Honda,Accord Touring,20998,47000,21 city/34 hwy,6-cyl,Gas,Front Wheel Drive,Automatic,Gray/Gray,,,,,,,,,,,,,,,,
2020,Honda,Civic LX,21998,13000,30 city/38 hwy,4-cyl,Gas,Front Wheel Drive,Automatic,Blue/Gray,,,,,,,,,,,,,,,,
2018,Honda,CR-V EX,23998,34000,27 city/33 hwy,4-cyl,Turbo Gas,All Wheel Drive,Automatic,Black/Black,,,,,,,,,,,,,,,,
2022,Honda,HR-V Sport,21998,50000,27 city/29 hwy,4-cyl,Gas,All Wheel Drive,Automatic,White/Black,,,,,,,,,,,,,,,,
2023,Honda,Accord Hybrid Sport,28998,33000,46 city/41 hwy,4-cyl,Hybrid,Front Wheel Drive,Automatic,Black/Black,,,,,,,,,,,,,,,,
2013,Honda,Civic LX,14998,88000,28 city/39 hwy,4-cyl,Gas,Front Wheel Drive,Automatic,Gray/Tan,,,,,,,,,,,,,,,,
2016,Honda,CR-V EX-L,21998,57000,25 city/31 hwy,4-cyl,Gas,All Wheel Drive,Automatic,Silver/Black,,,,,,,,,,,,,,,,
2015,Honda,CR-V LX,16998,69000,26 city/33 hwy,4-cyl,Gas,All Wheel Drive,Automatic,Burgundy/Gray,,,,,,,,,,,,,,,,
2020,Honda,Civic EX-L,24998,11000,32 city/42 hwy,4-cyl,Turbo Gas,Front Wheel Drive,Automatic,White/Black,,,,,,,,,,,,,,,,
2015,Honda,Civic LX,17998,47000,28 city/36 hwy,4-cyl,Gas,Front Wheel Drive,Manual 5 Speed,Silver/Gray,,,,,,,,,,,,,,,,
2021,Honda,Insight EX,24998,23000,55 city/49 hwy,4-cyl,Hybrid,Front Wheel Drive,Automatic,Blue/Gray,,,,,,,,,,,,,,,,
2019,Honda,Civic LX,20998,19000,30 city/38 hwy,4-cyl,Gas,Front Wheel Drive,Automatic,Blue/Gray,,,,,,,,,,,,,,,,
2019,Honda,Accord Sport,24998,41000,29 city/35 hwy,4-cyl,Turbo Gas,Front Wheel Drive,Automatic,Black/Black,,,,,,,,,,,,,,,,
2022,Honda,HR-V Sport,22998,30000,27 city/29 hwy,4-cyl,Gas,All Wheel Drive,Automatic,Blue/Black,,,,,,,,,,,,,,,,
2019,Honda,HR-V EX,20998,58000,26 city/31 hwy,4-cyl,Gas,All Wheel Drive,Automatic,Gray/Black,,,,,,,,,,,,,,,,
2016,Honda,CR-V SE,16998,92000,25 city/31 hwy,4-cyl,Gas,All Wheel Drive,Automatic,Gray/Gray,,,,,,,,,,,,,,,,
2022,Honda,Accord Hybrid ,27998,27000,48 city/47 hwy,4-cyl,Hybrid,Front Wheel Drive,Automatic,Black/Black,,,,,,,,,,,,,,,,
2022,Honda,Accord LX,23998,42000,30 city/38 hwy,4-cyl,Turbo Gas,Front Wheel Drive,Automatic,Red/Gray,,,,,,,,,,,,,,,,
2019,Honda,CR-V EX-L,25998,34000,27 city/33 hwy,4-cyl,Turbo Gas,All Wheel Drive,Automatic,Red/Gray,,,,,,,,,,,,,,,,
2014,Honda,CR-V LX,13998,125000,22 city/30 hwy,4-cyl,Gas,All Wheel Drive,Automatic,Gray/Gray,,,,,,,,,,,,,,,,
2020,Honda,CR-V EX,26998,27000,27 city/32 hwy,4-cyl,Turbo Gas,All Wheel Drive,Automatic,Gray/Black,,,,,,,,,,,,,,,,
2024,Honda,Prologue EX,40998,7000,,,,All Wheel Drive,,White/Gray,,Electric,,,,,,,,,,,,,,
2015,Honda,CR-V Touring,19998,72000,26 city/33 hwy,4-cyl,Gas,All Wheel Drive,Automatic,White/Tan,,,,,,,,,,,,,,,,
2022,Honda,Pilot EX-L,33998,30000,19 city/26 hwy,6-cyl,Gas,All Wheel Drive,Automatic,Gray/Gray,,,,,,,,,,,,,,,,
2015,Honda,Accord LX,14998,121000,27 city/36 hwy,4-cyl,Gas,Front Wheel Drive,Automatic,Gray/Gray,,,,,,,,,,,,,,,,
2022,Honda,Accord Sport SE,30998,2000,29 city/35 hwy,4-cyl,Turbo Gas,Front Wheel Drive,Automatic,White/Black,,,,,,,,,,,,,,,,
2019,Honda,Accord Sport,23998,54000,29 city/35 hwy,4-cyl,Turbo Gas,Front Wheel Drive,Automatic,Gray/Black,,,,,,,,,,,,,,,,
2018,Honda,Accord EX,18998,120000,30 city/38 hwy,4-cyl,Turbo Gas,Front Wheel Drive,Automatic,White/Tan,,,,,,,,,,,,,,,,
2017,Honda,Ridgeline RTL-T,22998,81000,18 city/25 hwy,6-cyl,Gas,All Wheel Drive,Automatic,Gray/Black,5 ft,,,,,,,,,,,,,,,
2014,Honda,CR-V LX,14998,110000,22 city/30 hwy,4-cyl,Gas,All Wheel Drive,Automatic,Brown/Black,,,,,,,,,,,,,,,,
2015,Honda,CR-V EX-L,15998,120000,26 city/33 hwy,4-cyl,Gas,All Wheel Drive,Automatic,Silver/Black,,,,,,,,,,,,,,,,
2022,Honda,CR-V Hybrid Touring,34998,32000,,4-cyl,Hybrid,All Wheel Drive,Automatic,Gray/Black,,,,,,,,,,,,,,,,
2019,Honda,Odyssey Elite,35998,36000,19 city/28 hwy,,,,Automatic,Silver/Gray,,,,,,,,,,,,,,,,
2021,Honda,CR-V EX-L,30998,22000,27 city/32 hwy,4-cyl,Turbo Gas,All Wheel Drive,Automatic,Blue/Black,,,,,,,,,,,,,,,,
2013,Honda,Ridgeline Sport,18998,106000,15 city/21 hwy,6-cyl,Gas,Four Wheel Drive,Automatic,White/Gray,5 ft,,,,,,,,,,,,,,,
2014,Honda,Accord LX,14998,109000,27 city/36 hwy,4-cyl,Gas,Front Wheel Drive,Automatic,Gray/Black,,,,,,,,,,,,,,,,
2015,Honda,Accord CrossTour EX-L,18998,90000,20 city/29 hwy,,,,Automatic,Black/Black,,,,,,,,,,,,,,,,
2020,Honda,Accord Sport,26998,21000,29 city/35 hwy,4-cyl,Turbo Gas,Front Wheel Drive,Automatic,Black/Black,,,,,,,,,,,,,,,,
2021,Honda,Accord Sport,29998,21000,22 city/32 hwy,4-cyl,Turbo Gas,Front Wheel Drive,Automatic,Silver/Gray,,,,,,,,,,,,,,,,
2020,Honda,Civic Sport,21998,54000,29 city/37 hwy,4-cyl,Gas,Front Wheel Drive,Automatic,Blue/Gray,,,,,,,,,,,,,,,,
2021,Honda,HR-V Sport,24998,23000,26 city/31 hwy,4-cyl,Gas,All Wheel Drive,Automatic,White/Black,,,,,,,,,,,,,,,,
2018,Honda,Civic Type-R Touring,33998,58000,22 city/28 hwy,4-cyl,Turbo Gas,Front Wheel Drive,Manual 6 Speed,White/Red,,,,,,,,,,,,,,,,
2013,Honda,Civic EX-L,15998,81000,28 city/39 hwy,4-cyl,Gas,Front Wheel Drive,Automatic,Silver/Black,,,,,,,,,,,,,,,,
2013,Honda,Pilot EX-L,17998,94000,18 city/25 hwy,6-cyl,Gas,Front Wheel Drive,Automatic,Blue/Gray,,,,,,,,,,,,,,,,
2020,Honda,CR-V EX,24998,62000,27 city/32 hwy,4-cyl,Turbo Gas,All Wheel Drive,Automatic,Gray/Gray,,,,,,,,,,,,,,,,
2021,Honda,Ridgeline Sport,31998,19000,18 city/24 hwy,6-cyl,Gas,All Wheel Drive,Automatic,Silver/Black,5 ft,,,,,,,,,,,,,,,
2016,Honda,Odyssey EX-L,20998,97000,19 city/28 hwy,6-cyl,Gas,Front Wheel Drive,Automatic,Gray/Gray,,,,,,,,,,,,,,,,
2017,Honda,Odyssey EX-L,20998,108000,19 city/27 hwy,6-cyl,Gas,Front Wheel Drive,Automatic,Burgundy/Tan,,,,,,,,,,,,,,,,
2015,Honda,CR-V LX,18998,52000,26 city/33 hwy,4-cyl,Gas,All Wheel Drive,Automatic,Gray/Gray,,,,,,,,,,,,,,,,
2017,Honda,Fit LX,15998,92000,33 city/40 hwy,4-cyl,Gas,Front Wheel Drive,Automatic,Red/Black,,,,,,,,,,,,,,,,
2020,Honda,Accord EX,26998,32000,30 city/38 hwy,4-cyl,Turbo Gas,Front Wheel Drive,Automatic,Black/Black,,,,,,,,,,,,,,,,
2016,Honda,Civic EX-T,19998,67000,31 city/42 hwy,4-cyl,Turbo Gas,Front Wheel Drive,Automatic,Blue/Gray,,,,,,,,,,,,,,,,
2023,Honda,HR-V LX,23998,38000,26 city/32 hwy,4-cyl,Gas,Front Wheel Drive,Automatic,Gray/Gray,,,,,,,,,,,,,,,,
2016,Honda,Odyssey Touring Elite,21998,109000,19 city/28 hwy,6-cyl,Gas,Front Wheel Drive,Automatic,Burgundy/Gray,,,,,,,,,,,,,,,,
2022,Honda,Ridgeline RTL-E,34998,43000,18 city/24 hwy,6-cyl,Gas,All Wheel Drive,Automatic,Blue/Gray,5 ft,,,,,,,,,,,,,,,
2014,Honda,Accord EX,15998,114000,24 city/34 hwy,,,,Automatic,Gray/Black,,,,,,,,,,,,,,,,
2015,Honda,CR-V EX,17998,93000,26 city/33 hwy,4-cyl,Gas,All Wheel Drive,Automatic,Blue/Gray,,,,,,,,,,,,,,,,
2022,Honda,CR-V EX,27998,26000,27 city/32 hwy,4-cyl,Turbo Gas,All Wheel Drive,Automatic,Burgundy/Gray,,,,,,,,,,,,,,,,
2019,Honda,Odyssey EX-L,28998,57000,19 city/28 hwy,6-cyl,Gas,Front Wheel Drive,Automatic,Silver/Gray,,,,,,,,,,,,,,,,
2022,Honda,Accord Sport,28998,38000,29 city/35 hwy,4-cyl,Turbo Gas,Front Wheel Drive,Automatic,Black/Black,,,,,,,,,,,,,,,,
2013,Honda,Accord EX-L,16998,111000,21 city/34 hwy,6-cyl,Gas,Front Wheel Drive,Automatic,Black/Black,,,,,,,,,,,,,,,,
2020,Honda,Odyssey EX,23998,105000,19 city/28 hwy,6-cyl,Gas,Front Wheel Drive,Automatic,White/Tan,,,,,,,,,,,,,,,,
2020,Honda,Accord EX,24998,46000,30 city/38 hwy,4-cyl,Turbo Gas,Front Wheel Drive,Automatic,Silver/Gray,,,,,,,,,,,,,,,,
2021,Honda,Civic Sport,23998,41000,29 city/37 hwy,4-cyl,Gas,Front Wheel Drive,Automatic,Red/Black,,,,,,,,,,,,,,,,
2013,Honda,Accord LX,15998,108000,27 city/36 hwy,4-cyl,Gas,Front Wheel Drive,Automatic,Silver/Gray,,,,,,,,,,,,,,,,
2012,Honda,Accord LX,13599,105000,23 city/34 hwy,4-cyl,Gas,Front Wheel Drive,Manual 5 Speed,Gray/Black,,,,,,,,,,,,,,,,
2018,Honda,Accord EX,22998,50000,30 city/38 hwy,4-cyl,Turbo Gas,Front Wheel Drive,Automatic,Tan/Tan,,,,,,,,,,,,,,,,
2014,Honda,Odyssey EX,15998,117000,19 city/28 hwy,6-cyl,Gas,Front Wheel Drive,Automatic,Brown/Gray,,,,,,,,,,,,,,,,
2022,Honda,Civic Sport,24998,35000,30 city/37 hwy,4-cyl,Gas,Front Wheel Drive,Automatic,Blue/Blue,,,,,,,,,,,,,,,,
2013,Honda,CR-V EX-L,16998,89000,22 city/30 hwy,4-cyl,Gas,All Wheel Drive,Automatic,Blue/Tan,,,,,,,,,,,,,,,,
2018,Honda,Accord LX,22998,31000,30 city/38 hwy,4-cyl,Turbo Gas,Front Wheel Drive,Automatic,Gray/Black,,,,,,,,,,,,,,,,
2018,Honda,Civic EX-T,20998,42000,31 city/40 hwy,4-cyl,Turbo Gas,Front Wheel Drive,Automatic,White/Gray,,,,,,,,,,,,,,,,
2018,Honda,Odyssey Elite,27998,80000,19 city/28 hwy,6-cyl,Gas,Front Wheel Drive,Automatic,Gray/Taupe,,,,,,,,,,,,,,,,
2022,Honda,CR-V Hybrid Touring,36998,10000,,4-cyl,Hybrid,All Wheel Drive,Automatic,White/Black,,,,,,,,,,,,,,,,
2024,Honda,CR-V EX-L,35998,3000,28 city/34 hwy,4-cyl,Turbo Gas,Front Wheel Drive,Automatic,Silver/Black,,,,,,,,,,,,,,,,
2022,Honda,Civic SI,27998,53000,27 city/37 hwy,4-cyl,Turbo Gas,Front Wheel Drive,Manual 6 Speed,Gray/Red,,,,,,,,,,,,,,,,
2021,Honda,Pilot Touring,30998,57000,19 city/26 hwy,6-cyl,Gas,All Wheel Drive,Automatic,White/Gray,,,,,,,,,,,,,,,,
2022,Honda,HR-V LX,22998,25000,28 city/34 hwy,4-cyl,Gas,Front Wheel Drive,Automatic,Black/Black,,,,,,,,,,,,,,,,
2022,Honda,Accord Sport,28998,18000,29 city/35 hwy,4-cyl,Turbo Gas,Front Wheel Drive,Automatic,Blue/Black,,,,,,,,,,,,,,,,
2020,Honda,Accord LX,23998,32000,30 city/38 hwy,4-cyl,Turbo Gas,Front Wheel Drive,Automatic,Red/Tan,,,,,,,,,,,,,,,,
2018,Honda,Accord Touring,25998,40000,22 city/32 hwy,4-cyl,Turbo Gas,Front Wheel Drive,Automatic,Blue/Gray,,,,,,,,,,,,,,,,
2015,Honda,Fit EX,15998,71000,29 city/37 hwy,4-cyl,Gas,Front Wheel Drive,Manual 6 Speed,Gray/Black,,,,,,,,,,,,,,,,
2022,Honda,Civic Sport Touring,27998,20000,30 city/37 hwy,4-cyl,Turbo Gas,Front Wheel Drive,Automatic,White/Black,,,,,,,,,,,,,,,,
2013,Honda,Accord LX,16998,77000,27 city/36 hwy,4-cyl,Gas,Front Wheel Drive,Automatic,Blue/Gray,,,,,,,,,,,,,,,,
2017,Honda,CR-V EX,20998,77000,27 city/33 hwy,4-cyl,Turbo Gas,All Wheel Drive,Automatic,White/Black,,,,,,,,,,,,,,,,
2013,Honda,Pilot EX-L,14998,120000,17 city/24 hwy,6-cyl,Gas,Four Wheel Drive,Automatic,White/Gray,,,,,,,,,,,,,,,,
2019,Honda,Fit LX,19998,28000,33 city/40 hwy,4-cyl,Gas,Front Wheel Drive,Automatic,Gray/Black,,,,,,,,,,,,,,,,
2020,Honda,Ridgeline RTL,30998,18000,19 city/26 hwy,6-cyl,Gas,Front Wheel Drive,Automatic,Gray/Black,5 ft,,,,,,,,,,,,,,,
2014,Honda,CR-V EX-L,17998,89000,22 city/30 hwy,4-cyl,Gas,All Wheel Drive,Automatic,Black/Black,,,,,,,,,,,,,,,,
2019,Honda,Accord EX-L,22998,86000,23 city/34 hwy,4-cyl,Turbo Gas,Front Wheel Drive,Automatic,Black/Black,,,,,,,,,,,,,,,,
2020,Honda,Passport Touring,30998,28000,19 city/24 hwy,6-cyl,Gas,All Wheel Drive,Automatic,Silver/Black,,,,,,,,,,,,,,,,
2016,Honda,CR-V Touring,20998,72000,25 city/31 hwy,4-cyl,Gas,All Wheel Drive,Automatic,Gray/Black,,,,,,,,,,,,,,,,
2019,Honda,Odyssey Elite,28998,94000,19 city/28 hwy,6-cyl,Gas,Front Wheel Drive,Automatic,Brown/Black,,,,,,,,,,,,,,,,
2018,Honda,Accord EX-L,20998,98000,30 city/38 hwy,4-cyl,Turbo Gas,Front Wheel Drive,Automatic,Silver/Black,,,,,,,,,,,,,,,,
2021,Honda,Civic LX,22998,13000,30 city/38 hwy,4-cyl,Gas,Front Wheel Drive,Automatic,Silver/Black,,,,,,,,,,,,,,,,
2018,Honda,Civic EX,18998,82000,31 city/40 hwy,4-cyl,Gas,Front Wheel Drive,Automatic,Blue/Gray,,,Single Owner,Fuel Efficient,Optional MaxCare® plan,None,,,,,,,,,,
2022,Honda,CR-V EX-L,32998,13000,27 city/32 hwy,4-cyl,Turbo Gas,All Wheel Drive,Automatic,Black/Black,,,Single Owner,,,None,Low Mileage,Manufacturer Warranty,,,,,,,,
2014,Honda,Pilot LX,15998,125000,17 city/24 hwy,6-cyl,Gas,Four Wheel Drive,Automatic,Black/Cream,,,,,,,,,,,,,,,,
2017,Honda,Pilot EX-L,23998,82000,18 city/26 hwy,6-cyl,Gas,All Wheel Drive,Automatic,Gray/Gray,,,,,,,,,,,,,,,,
2016,Honda,Civic EX,15998,128000,31 city/41 hwy,4-cyl,Gas,Front Wheel Drive,Automatic,Gray/Black,,,,,,,,,,,,,,,,
2016,Honda,Pilot EX-L,21998,96000,18 city/26 hwy,6-cyl,Gas,All Wheel Drive,Automatic,Black/Gray,,,,,,,,,,,,,,,,
2022,Honda,HR-V LX,23998,22000,27 city/31 hwy,4-cyl,Gas,All Wheel Drive,Automatic,Gray/Black,,,,,,,,,,,,,,,,
2016,Honda,Pilot EX-L,20998,94000,18 city/26 hwy,6-cyl,Gas,All Wheel Drive,Automatic,Blue/Gray,,,,,,,,,,,,,,,,
2013,Honda,Accord EX-L,15998,102000,27 city/36 hwy,4-cyl,Gas,Front Wheel Drive,Automatic,Silver/Gray,,,,,,,,,,,,,,,,
2023,Honda,Accord LX,25998,21000,29 city/37 hwy,4-cyl,Turbo Gas,Front Wheel Drive,Automatic,Red/Tan,,,,,,,,,,,,,,,,
2014,Honda,CR-V EX-L,15998,115000,22 city/30 hwy,4-cyl,Gas,All Wheel Drive,Automatic,White/Tan,,,,,,,,,,,,,,,,
2019,Honda,Fit EX,21998,14000,29 city/36 hwy,4-cyl,Gas,Front Wheel Drive,Automatic,Red/Black,,,,,,,,,,,,,,,,
2015,Honda,Civic LX,17998,44000,30 city/39 hwy,4-cyl,Gas,Front Wheel Drive,Automatic,Gray/Gray,,,,,,,,,,,,,,,,
2021,Honda,Civic Sport Touring,27998,21000,29 city/35 hwy,4-cyl,Turbo Gas,Front Wheel Drive,Automatic,White/Gray,,,,,,,,,,,,,,,,
2013,Honda,Accord EX-L,18998,72000,27 city/36 hwy,4-cyl,Gas,Front Wheel Drive,Automatic,Black/Tan,,,,,,,,,,,,,,,,
2024,Honda,CR-V LX,30998,16000,27 city/32 hwy,4-cyl,Turbo Gas,All Wheel Drive,Automatic,Gray/Black,,,,,,,,,,,,,,,,
2019,Honda,Civic LX,20998,33000,30 city/38 hwy,4-cyl,Gas,Front Wheel Drive,Automatic,Black/Black,,,,,,,,,,,,,,,,
2016,Honda,Civic LX,15998,104000,31 city/41 hwy,4-cyl,Gas,Front Wheel Drive,Automatic,Black/Black,,,,,,,,,,,,,,,,
2018,Honda,Pilot EX,18998,102000,19 city/27 hwy,6-cyl,Gas,Front Wheel Drive,Automatic,Black/Gray,,,,,,,,,,,,,,,,
2015,Honda,CR-V LX,16998,93000,26 city/33 hwy,4-cyl,Gas,All Wheel Drive,Automatic,Silver/Gray,,,,,,,,,,,,,,,,
2021,Honda,Civic EX,22998,48000,32 city/42 hwy,4-cyl,Turbo Gas,Front Wheel Drive,Automatic,Blue/Black,,,,,,,,,,,,,,,,
2022,Honda,Pilot Trailsport,38998,16000,19 city/25 hwy,6-cyl,Gas,All Wheel Drive,Automatic,White/Black,,,,,,,,,,,,,,,,
2021,Honda,Accord Sport,26998,58000,22 city/32 hwy,4-cyl,Turbo Gas,Front Wheel Drive,Automatic,Silver/Black,,,,,,,,,,,,,,,,
2014,Honda,CR-V EX-L,18998,74000,22 city/30 hwy,4-cyl,Gas,All Wheel Drive,Automatic,Blue/Gray,,,,,,,,,,,,,,,,
2023,Honda,Accord LX,25998,26000,29 city/37 hwy,4-cyl,Turbo Gas,Front Wheel Drive,Automatic,Red/Gray,,,,,,,,,,,,,,,,
2016,Honda,CR-V EX,19998,77000,25 city/31 hwy,4-cyl,Gas,All Wheel Drive,Automatic,Burgundy/Gray,,,,,,,,,,,,,,,,
2016,Honda,Accord Sport,18998,90000,26 city/35 hwy,4-cyl,Gas,Front Wheel Drive,Automatic,Silver/Black,,,,,,,,,,,,,,,,
2022,Honda,Accord Sport SE,27998,33000,29 city/35 hwy,4-cyl,Turbo Gas,Front Wheel Drive,Automatic,White/Black,,,,,,,,,,,,,,,,
2024,Honda,Civic Type R,51998,2000,22 city/28 hwy,4-cyl,Turbo Gas,Front Wheel Drive,Manual 6 Speed,White/Red,,,,,,,,,,,,,,,,
2020,Honda,Accord LX,23998,33000,30 city/38 hwy,,,,Automatic,Black/Black,,,,,,,,,,,,,,,,
2014,Honda,Civic LX,18998,11000,30 city/39 hwy,4-cyl,Gas,Front Wheel Drive,Automatic,Silver/Black,,,,,,,,,,,,,,,,
2020,Honda,Civic SI,24998,56000,26 city/36 hwy,,,,Manual 6 Speed,Gray/Black,,,,,,,,,,,,,,,,
2016,Honda,CR-V EX,16998,97000,26 city/32 hwy,,,,Automatic,Gray/Gray,,,,,,,,,,,,,,,,
2016,Honda,CR-V LX,14998,100000,25 city/31 hwy,4-cyl,Gas,All Wheel Drive,Automatic,Black/Black,,,,,,,,,,,,,,,,
2016,Honda,Civic EX,16998,102000,31 city/41 hwy,4-cyl,Gas,Front Wheel Drive,Automatic,White/Black,,,,,,,,,,,,,,,,
2019,Honda,Civic LX,16998,91000,30 city/38 hwy,4-cyl,Gas,Front Wheel Drive,Automatic,Silver/Black,,,,,,,,,,,,,,,,
2020,Honda,CR-V EX,25998,38000,28 city/34 hwy,4-cyl,Turbo Gas,Front Wheel Drive,Automatic,Silver/Gray,,,,,,,,,,,,,,,,
2018,Honda,Civic EX,19998,87000,31 city/40 hwy,4-cyl,Turbo Gas,Front Wheel Drive,Automatic,Gray/Black,,,,,,,,,,,,,,,,
2015,Honda,Accord EX-L,15998,116000,27 city/36 hwy,4-cyl,Gas,Front Wheel Drive,Automatic,Gray/Black,,,,,,,,,,,,,,,,
2020,Honda,CR-V EX,26998,31000,27 city/32 hwy,4-cyl,Turbo Gas,All Wheel Drive,Automatic,Blue/Gray,,,,,,,,,,,,,,,,
2020,Honda,Civic Sport,20998,58000,29 city/37 hwy,4-cyl,Gas,Front Wheel Drive,Automatic,White/Black,,,,,,,,,,,,,,,,
2022,Honda,HR-V EX,22998,40000,27 city/29 hwy,4-cyl,Gas,All Wheel Drive,Automatic,White/Black,,,Single Owner,,,None,,,Optional MaxCare® plan,,,,,,,
2013,Honda,Accord EX,17998,55000,24 city/34 hwy,,,,Automatic,Silver/Black,,,,,,,,,,,,,,,,
2018,Honda,Civic Sport,18998,90000,30 city/38 hwy,4-cyl,Turbo Gas,Front Wheel Drive,Automatic,Blue/Black,,,,,,,,,,,,,,,,
2020,Honda,CR-V EX-L,27998,38000,27 city/32 hwy,4-cyl,Turbo Gas,All Wheel Drive,Automatic,Black/Black,,,,,,,,,,,,,,,,
2021,Honda,CR-V EX,27998,26000,27 city/32 hwy,4-cyl,Turbo Gas,All Wheel Drive,Automatic,Black/Black,,,,,,,,,,,,,,,,
2020,Honda,Odyssey EX-L,32998,49000,19 city/28 hwy,6-cyl,Gas,Front Wheel Drive,Automatic,Blue/Gray,,,,,,,,,,,,,,,,
2019,Honda,CR-V EX-L,26998,39000,27 city/33 hwy,4-cyl,Turbo Gas,All Wheel Drive,Automatic,White/Black,,,,,,,,,,,,,,,,
2017,Honda,Accord EX,17998,105000,27 city/36 hwy,,,,Automatic,Gray/Black,,,,,,,,,,,,,,,,
2015,Honda,Accord EX,14998,124000,27 city/36 hwy,,,,Automatic,Blue/Gray,,,,,,,,,,,,,,,,
2015,Honda,Accord EX-L,17998,77000,23 city/34 hwy,,,,Automatic,Burgundy/Tan,,,,,,,,,,,,,,,,
2018,Honda,CR-V EX,19998,96000,27 city/33 hwy,,,,Automatic,Gray/Black,,,,,,,,,,,,,,,,
2016,Honda,CR-V EX,20998,41000,25 city/31 hwy,,,,Automatic,Blue/Gray,,,,,,,,,,,,,,,,
2018,Honda,Accord LX,21998,58000,30 city/38 hwy,,,,Automatic,Gray/Gray,,,,,,,,,,,,,,,,
2020,Honda,Accord Hybrid Touring,25998,69000,48 city/47 hwy,4-cyl,Hybrid,Front Wheel Drive,Automatic,White/Black,,,,,,,,,,,,,,,,
2019,Honda,Civic LX,21998,7000,30 city/38 hwy,4-cyl,Gas,Front Wheel Drive,Automatic,White/Cream,,,,,,,,,,,,,,,,
2024,Honda,Civic Type R,49998,3000,22 city/28 hwy,4-cyl,Turbo Gas,Front Wheel Drive,Manual 6 Speed,White/Red,,,,,,,,,,,,,,,,
2024,Honda,Civic Type R,46998,7000,22 city/28 hwy,4-cyl,Turbo Gas,Front Wheel Drive,Manual 6 Speed,White/Red,,,,,,,,,,,,,,,,
2014,Honda,Pilot Touring,19998,95000,17 city/24 hwy,6-cyl,Gas,Four Wheel Drive,Automatic,Gray/Gray,,,,,,,,,,,,,,,,
2020,Honda,CR-V EX-L,26998,50000,27 city/32 hwy,4-cyl,Turbo Gas,All Wheel Drive,Automatic,Red/Gray,,,,,,,,,,,,,,,,
2022,Honda,HR-V LX,23998,24000,28 city/34 hwy,4-cyl,Gas,Front Wheel Drive,Automatic,Gray/Black,,,,,,,,,,,,,,,,
2021,Honda,CR-V EX-L,27998,57000,27 city/32 hwy,4-cyl,Turbo Gas,All Wheel Drive,Automatic,White/Tan,,,,,,,,,,,,,,,,
2019,Honda,HR-V LX,18998,71000,27 city/31 hwy,4-cyl,Gas,All Wheel Drive,Automatic,Black/Black,,,,,,,,,,,,,,,,
2014,Honda,Civic LX,13599,127000,30 city/39 hwy,4-cyl,Gas,Front Wheel Drive,Automatic,Gray/Gray,,,,,,,,,,,,,,,,
2019,Honda,Passport Elite,20998,114000,19 city/24 hwy,6-cyl,Gas,All Wheel Drive,Automatic,Gray/Black,,,,,,,,,,,,,,,,
2018,Honda,Accord Touring,24998,57000,22 city/32 hwy,4-cyl,Turbo Gas,Front Wheel Drive,Automatic,Red/Taupe,,,,,,,,,,,,,,,,
2017,Honda,CR-V LX,19998,72000,25 city/31 hwy,4-cyl,Gas,All Wheel Drive,Automatic,Silver/Gray,,,,,,,,,,,,,,,,
2019,Honda,CR-V EX-L,24998,57000,27 city/33 hwy,4-cyl,Turbo Gas,All Wheel Drive,Automatic,Tan/Tan,,,,,,,,,,,,,,,,
2013,Honda,Pilot EX-L,16998,113000,17 city/24 hwy,6-cyl,Gas,Four Wheel Drive,Automatic,White/Tan,,,,,,,,,,,,,,,,
2014,Honda,CR-V LX,16998,73000,22 city/30 hwy,4-cyl,Gas,All Wheel Drive,Automatic,Gray/Gray,,,,,,,,,,,,,,,,
2024,Honda,Prologue Elite,47998,1000,,,,All Wheel Drive,,Black/Black,,Electric,,,,,,,,,,,,,,
2025,Honda,CR-V Hybrid Sport-L,41998,1000,40 city/34 hwy,4-cyl,Hybrid,All Wheel Drive,Automatic,Red/Black,,,,,,,,,,,,,,,,
2016,Honda,Civic EX-T,16998,111000,31 city/42 hwy,4-cyl,Turbo Gas,Front Wheel Drive,Automatic,Silver/Black,,,,,,,,,,,,,,,,
2017,Honda,Civic EX,19998,70000,31 city/40 hwy,4-cyl,Turbo Gas,Front Wheel Drive,Automatic,Gray/Black,,,,,,,,,,,,,,,,
2018,Honda,Pilot EX-L,22998,91000,18 city/26 hwy,6-cyl,Gas,All Wheel Drive,Automatic,Gray/Black,,,,,,,,,,,,,,,,
2020,Honda,Civic LX,21998,42000,31 city/40 hwy,4-cyl,Turbo Gas,Front Wheel Drive,Automatic,Gray/Black,,,,,,,,,,,,,,,,
2018,Honda,CR-V LX,19998,70000,26 city/32 hwy,4-cyl,Gas,Front Wheel Drive,Automatic,Black/Gray,,,,,,,,,,,,,,,,
2022,Honda,Civic Sport,26998,17000,29 city/37 hwy,4-cyl,Gas,Front Wheel Drive,Automatic,Gray/Black,,,,,,,,,,,,,,,,
2024,Honda,CR-V Hybrid Sport-L,38998,3000,40 city/34 hwy,4-cyl,Hybrid,All Wheel Drive,Automatic,Black/Black,,,,,,,,,,,,,,,,
2019,Honda,Civic Sport,20998,76000,25 city/36 hwy,4-cyl,Gas,Front Wheel Drive,Manual 6 Speed,Black/Black,,,,,,,,,,,,,,,,
2022,Honda,Accord Hybrid ,27998,13000,48 city/47 hwy,4-cyl,Hybrid,Front Wheel Drive,Automatic,Black/Black,,,,,,,,,,,,,,,,
2017,Honda,Accord Sport,19998,82000,26 city/34 hwy,4-cyl,Gas,Front Wheel Drive,Automatic,Silver/Black,,,,,,,,,,,,,,,,
2016,Honda,Civic LX,15998,98000,31 city/41 hwy,4-cyl,Gas,Front Wheel Drive,Automatic,Silver/Black,,,,,,,,,,,,,,,,
2015,Honda,Odyssey EX-L,17998,126000,19 city/28 hwy,6-cyl,Gas,Front Wheel Drive,Automatic,Blue/Gray,,,,,,,,,,,,,,,,
2017,Honda,Accord Touring,20998,97000,21 city/33 hwy,6-cyl,Gas,Front Wheel Drive,Automatic,Gray/Black,,,,,,,,,,,,,,,,
2020,Honda,Civic Sport,21998,62000,25 city/36 hwy,4-cyl,Gas,Front Wheel Drive,Manual 6 Speed,Gray/Black,,,,,,,,,,,,,,,,
2012,Honda,Pilot LX,14998,109000,17 city/24 hwy,6-cyl,Gas,Four Wheel Drive,Automatic,Gray/Gray,,,,,,,,,,,,,,,,
2022,Honda,Ridgeline RTL-E,34998,32000,18 city/24 hwy,6-cyl,Gas,All Wheel Drive,Automatic,Brown/Black,,,,,,,,,,,,,,,,
2021,Honda,CR-V LX,23998,48000,28 city/34 hwy,4-cyl,Turbo Gas,Front Wheel Drive,Automatic,Black/Black,,,,,,,,,,,,,,,,
2022,Honda,Civic LX,22998,25000,31 city/40 hwy,4-cyl,Gas,Front Wheel Drive,Automatic,Blue/Tan,,,,,,,,,,,,,,,,
2015,Honda,Civic EX,14998,120000,30 city/39 hwy,4-cyl,Gas,Front Wheel Drive,Automatic,Silver/Gray,,,,,,,,,,,,,,,,
2019,Honda,Odyssey EX-L,32998,17000,19 city/28 hwy,6-cyl,Gas,Front Wheel Drive,Automatic,Black/Black,,,,,,None,Low Mileage,,Optional MaxCare® plan,Well-Equipped,,,,,,
2020,Honda,Civic Sport,21998,56000,29 city/37 hwy,4-cyl,Gas,Front Wheel Drive,Automatic,Gray/Black,,,,,,"Prior theft history, Prior theft history",,,Optional MaxCare® plan,,Fuel Efficient,,,,,
2021,Honda,CR-V EX,29998,18000,27 city/32 hwy,4-cyl,Turbo Gas,All Wheel Drive,Automatic,Gray/Gray,,,,,,,,,,,,,,,,
2021,Honda,Civic EX-L,22998,54000,32 city/42 hwy,4-cyl,Turbo Gas,Front Wheel Drive,Automatic,Blue/Gray,,,,,,,,,,,,,,,,
2024,Honda,Prologue Touring,44998,5000,,,,All Wheel Drive,,Silver/Black,,Electric,,,,,,,,,,,,,,
2021,Honda,HR-V LX,21998,27000,28 city/34 hwy,4-cyl,Gas,Front Wheel Drive,Automatic,Gray/Black,,,,,,,,,,,,,,,,
2018,Honda,CR-V EX,19998,92000,27 city/33 hwy,4-cyl,Turbo Gas,All Wheel Drive,Automatic,Red/Tan,,,,,,,,,,,,,,,,
2024,Honda,Accord Hybrid Sport-L,33998,5000,46 city/41 hwy,4-cyl,Hybrid,Front Wheel Drive,Automatic,Red/Black,,,,,,,,,,,,,,,,
2023,Honda,Civic Sport,26998,13000,26 city/36 hwy,4-cyl,Gas,Front Wheel Drive,Automatic,Blue/Black,,,,,,,,,,,,,,,,
2024,Honda,Prologue Touring,44998,2000,,,,All Wheel Drive,,Silver/Black,,Electric,,,,,,,,,,,,,,
2022,Honda,Civic Sport Touring,26998,54000,30 city/37 hwy,4-cyl,Turbo Gas,Front Wheel Drive,Automatic,Silver/Black,,,,,,,,,,,,,,,,
2023,Honda,HR-V Sport,27998,6000,26 city/32 hwy,4-cyl,Gas,Front Wheel Drive,Automatic,White/Black,,,,,,,,,,,,,,,,
2014,Honda,Civic LX,18998,22000,30 city/39 hwy,4-cyl,Gas,Front Wheel Drive,Automatic,Blue/Gray,,,,,,,,,,,,,,,,
2022,Honda,Accord Sport SE,27998,27000,29 city/35 hwy,4-cyl,Turbo Gas,Front Wheel Drive,Automatic,White/Black,,,,,,,,,,,,,,,,
2023,Honda,Odyssey EX-L,38998,11000,19 city/28 hwy,6-cyl,Gas,Front Wheel Drive,Automatic,White/Gray,,,,,,,,,,,,,,,,
2024,Honda,Prologue Touring,44998,4000,,,,All Wheel Drive,,Blue/Black,,Electric,,,,,,,,,,,,,,
2021,Honda,Pilot EX-L,27998,56000,20 city/27 hwy,6-cyl,Gas,Front Wheel Drive,Automatic,Gray/Gray,,,,,,,,,,,,,,,,
2019,Honda,Odyssey EX-L,27998,77000,19 city/28 hwy,6-cyl,Gas,Front Wheel Drive,Automatic,Silver/Brown,,,,,,,,,,,,,,,,
2015,Honda,Accord LX,18998,53000,27 city/36 hwy,4-cyl,Gas,Front Wheel Drive,Automatic,Black/Tan,,,,,,,,,,,,,,,,
2024,Honda,Civic Sport,28998,3000,30 city/37 hwy,4-cyl,Gas,Front Wheel Drive,Automatic,Gray/Black,,,,,,,,,,,,,,,,
2018,Honda,Civic EX-T,21998,34000,32 city/42 hwy,4-cyl,Turbo Gas,Front Wheel Drive,Automatic,Black/Black,,,,,,,,,,,,,,,,
2019,Honda,Pilot EX,21998,92000,18 city/26 hwy,,,,Automatic,Silver/Gray,,,,,,,,,,,,,,,,
2021,Honda,CR-V EX,27998,38000,27 city/32 hwy,4-cyl,Turbo Gas,All Wheel Drive,Automatic,Gray/Black,,,,,,,,,,,,,,,,
2017,Honda,Accord Sport,16998,127000,26 city/34 hwy,4-cyl,Gas,Front Wheel Drive,Automatic,Black/Black,,,,,,,,,,,,,,,,
2017,Honda,Civic EX,18998,66000,31 city/40 hwy,4-cyl,Gas,Front Wheel Drive,Automatic,Black/Black,,,,,,,,,,,,,,,,
2013,Honda,Accord EX-L,15998,92000,27 city/36 hwy,,,,Automatic,Silver/Gray,,,,,,,,,,,,,,,,
2015,Honda,Accord EX-L,17998,80000,27 city/36 hwy,4-cyl,Gas,Front Wheel Drive,Automatic,Gray/Black,,,,,,,,,,,,,,,,
2019,Honda,CR-V EX,27998,15000,27 city/33 hwy,4-cyl,Turbo Gas,All Wheel Drive,Automatic,Green/Black,,,,,,,,,,,,,,,,
2016,Honda,Civic Touring,17998,93000,31 city/42 hwy,4-cyl,Turbo Gas,Front Wheel Drive,Automatic,Blue/Gray,,,,,,,,,,,,,,,,
2018,Honda,Odyssey EX-L,27998,60000,19 city/28 hwy,6-cyl,Gas,Front Wheel Drive,Automatic,Silver/Gray,,,,,,,,,,,,,,,,
2019,Honda,CR-V EX,22998,54000,27 city/33 hwy,,,,Automatic,Gray/Gray,,,,,,,,,,,,,,,,
2019,Honda,Odyssey EX,27998,41000,19 city/28 hwy,6-cyl,Gas,Front Wheel Drive,Automatic,Gray/Gray,,,,,,,,,,,,,,,,
2023,Honda,Civic Sport,26998,10000,30 city/37 hwy,4-cyl,Gas,Front Wheel Drive,Automatic,Black/Black,,,,,,,,,,,,,,,,
2018,Honda,Fit Sport,17998,70000,31 city/36 hwy,4-cyl,Gas,Front Wheel Drive,Automatic,White/Black,,,,,,,,,,,,,,,,
2020,Honda,CR-V EX-L,29998,17000,27 city/32 hwy,4-cyl,Turbo Gas,All Wheel Drive,Automatic,White/Black,,,,,,,,,,,,,,,,
2021,Honda,Odyssey Touring,37998,18000,19 city/28 hwy,6-cyl,Gas,Front Wheel Drive,Automatic,White/Black,,,,,,,,,,,,,,,,
2020,Honda,Pilot LX,26998,37000,18 city/26 hwy,6-cyl,Gas,All Wheel Drive,Automatic,White/Tan,,,,,,,,,,,,,,,,
2018,Honda,Civic Type-R Touring,36998,26000,22 city/28 hwy,4-cyl,Turbo Gas,Front Wheel Drive,Manual 6 Speed,Blue/Black,,,,,,,,,,,,,,,,
2016,Honda,Civic LX,17998,44000,31 city/41 hwy,4-cyl,Gas,Front Wheel Drive,Automatic,Blue/Gray,,,,,,,,,,,,,,,,
2023,Honda,CR-V EX,30998,32000,27 city/32 hwy,4-cyl,Turbo Gas,All Wheel Drive,Automatic,Silver/Black,,,,,,,,,,,,,,,,
2015,Honda,Pilot LX,15998,124000,17 city/24 hwy,6-cyl,Gas,Four Wheel Drive,Automatic,White/Gray,,,,,,,,,,,,,,,,
2017,Honda,Civic EX-T,18998,73000,31 city/40 hwy,4-cyl,Turbo Gas,Front Wheel Drive,Automatic,Silver/Gray,,,,,,,,,,,,,,,,
2016,Honda,Odyssey LX,16998,123000,19 city/28 hwy,6-cyl,Gas,Front Wheel Drive,Automatic,Blue/Gray,,,,,,,,,,,,,,,,
2017,Honda,Accord Sport,21998,52000,26 city/34 hwy,4-cyl,Gas,Front Wheel Drive,Automatic,Silver/Black,,,,,,,,,,,,,,,,
2020,Honda,Civic EX,24998,12000,32 city/42 hwy,4-cyl,Turbo Gas,Front Wheel Drive,Automatic,Blue/Gray,,,,,,,,,,,,,,,,
2019,Honda,Accord LX,22998,26000,30 city/38 hwy,4-cyl,Turbo Gas,Front Wheel Drive,Automatic,Red/Gray,,,,,,,,,,,,,,,,
2013,Honda,Civic Hybrid ,13998,122000,,,,,Automatic,Black/Gray,,,,,,,,,,,,,,,,
2024,Honda,Civic Sport,26998,14000,29 city/37 hwy,4-cyl,Gas,Front Wheel Drive,Automatic,Silver/Black,,,,,,,,,,,,,,,,
2019,Honda,Accord LX,21998,58000,30 city/38 hwy,4-cyl,Turbo Gas,Front Wheel Drive,Automatic,Red/Gray,,,,,,,,,,,,,,,,
2019,Honda,Accord Sport,26998,60000,22 city/32 hwy,4-cyl,Turbo Gas,Front Wheel Drive,Manual 6 Speed,White/Black,,,,,,,,,,,,,,,,
2021,Honda,Civic Type-R Touring,42998,3000,22 city/28 hwy,4-cyl,Turbo Gas,Front Wheel Drive,Manual 6 Speed,Blue/Red,,,,,,,,,,,,,,,,
2016,Honda,CR-V EX,16998,100000,25 city/31 hwy,4-cyl,Gas,All Wheel Drive,Automatic,Silver/Black,,,,,,,,,,,,,,,,
2022,Honda,Civic Sport,25998,18000,30 city/37 hwy,4-cyl,Gas,Front Wheel Drive,Automatic,Red/Black,,,,,,,,,,,,,,,,
2019,Honda,Pilot EX-L,26998,56000,19 city/27 hwy,6-cyl,Gas,Front Wheel Drive,Automatic,Black/Black,,,,,,,,,,,,,,,,
2013,Honda,Civic LX,13599,120000,28 city/39 hwy,4-cyl,Gas,Front Wheel Drive,Automatic,White/Tan,,,,,,,,,,,,,,,,
2016,Honda,Accord Sport,21998,36000,26 city/35 hwy,4-cyl,Gas,Front Wheel Drive,Automatic,Burgundy/Black,,,,,,,,,,,,,,,,
2017,Honda,Civic SI,19998,93000,28 city/38 hwy,4-cyl,Turbo Gas,Front Wheel Drive,Manual 6 Speed,Silver/Black,,,,,,,,,,,,,,,,
2021,Honda,Civic LX,20998,31000,30 city/38 hwy,4-cyl,Gas,Front Wheel Drive,Automatic,Blue/Gray,,,,,,,,,,,,,,,,
2020,Honda,Fit Sport,20998,33000,29 city/36 hwy,4-cyl,Gas,Front Wheel Drive,Manual 6 Speed,Gray/Black,,,,,,,,,,,,,,,,
2022,Honda,Civic Sport,25998,24000,30 city/37 hwy,4-cyl,Gas,Front Wheel Drive,Automatic,Black/Black,,,,,,,,,,,,,,,,
2024,Honda,Prologue Touring,47998,1000,,,,All Wheel Drive,,Gray/Black,,Electric,,,,,,,,,,,,,,
2016,Honda,CR-V EX-L,17998,110000,25 city/31 hwy,,,,Automatic,Gray/Gray,,,,,,,,,,,,,,,,
2015,Honda,Accord LX,18998,47000,27 city/36 hwy,4-cyl,Gas,Front Wheel Drive,Automatic,Gold/Tan,,,,,,,,,,,,,,,,
2023,Honda,Civic Sport,25998,21000,30 city/37 hwy,4-cyl,Gas,Front Wheel Drive,Automatic,White/Black,,,,,,,,,,,,,,,,
2020,Honda,Odyssey EX-L,30998,58000,19 city/28 hwy,6-cyl,Gas,Front Wheel Drive,Automatic,White/Black,,,,,,,,,,,,,,,,
2017,Honda,Civic LX,18998,67000,31 city/40 hwy,4-cyl,Gas,Front Wheel Drive,Automatic,Black/Black,,,,,,,,,,,,,,,,
2020,Honda,Civic LX,21998,17000,30 city/38 hwy,4-cyl,Gas,Front Wheel Drive,Automatic,Red/Black,,,,,,,,,,,,,,,,
2020,Honda,Accord Sport,25998,38000,29 city/35 hwy,,,,Automatic,Silver/Black,,,,,,,,,,,,,,,,
2014,Honda,Civic EX,17998,61000,30 city/39 hwy,4-cyl,Gas,Front Wheel Drive,Automatic,Gray/Gray,,,,,,,,,,,,,,,,
2013,Honda,CR-V LX,15998,91000,22 city/30 hwy,4-cyl,Gas,All Wheel Drive,Automatic,Brown/Black,,,,,,,,,,,,,,,,
2018,Honda,Pilot EX-L,25998,69000,18 city/26 hwy,6-cyl,Gas,All Wheel Drive,Automatic,White/Black,,,,,,,,,,,,,,,,
2017,Honda,Civic EX,18998,91000,31 city/40 hwy,4-cyl,Turbo Gas,Front Wheel Drive,Automatic,Gray/Black,,,,,,,,,,,,,,,,
2019,Honda,Pilot Touring,28998,51000,19 city/26 hwy,6-cyl,Gas,All Wheel Drive,Automatic,Black/Black,,,,,,,,,,,,,,,,
2014,Honda,Odyssey EX-L,22998,68000,19 city/28 hwy,6-cyl,Gas,Front Wheel Drive,Automatic,Pearl/Gray,,,,,,,,,,,,,,,,
2015,Honda,Civic EX,18998,44000,30 city/39 hwy,4-cyl,Gas,Front Wheel Drive,Automatic,Brown/Gray,,,,,,,,,,,,,,,,
2019,Honda,HR-V EX,20998,48000,26 city/31 hwy,4-cyl,Gas,All Wheel Drive,Automatic,Blue/Black,,,,,,,,,,,,,,,,
2021,Honda,CR-V EX-L,30998,13000,27 city/32 hwy,,,,Automatic,Silver/Gray,,,,,,,,,,,,,,,,
2018,Honda,Civic Sport,21998,48000,30 city/38 hwy,4-cyl,Turbo Gas,Front Wheel Drive,Automatic,Gray/Tan,,,,,,,,,,,,,,,,
2019,Honda,CR-V EX,24998,39000,27 city/33 hwy,4-cyl,Turbo Gas,All Wheel Drive,Automatic,Gray/Gray,,,,,,,,,,,,,,,,
2017,Honda,Pilot EX-L,22998,89000,18 city/26 hwy,6-cyl,Gas,All Wheel Drive,Automatic,Burgundy/Tan,,,,,,,,,,,,,,,,
2017,Honda,Pilot EX-L,23998,67000,18 city/26 hwy,6-cyl,Gas,All Wheel Drive,Automatic,White/Black,,,,,,,,,,,,,,,,
2020,Honda,CR-V EX-L,24998,59000,27 city/32 hwy,4-cyl,Turbo Gas,All Wheel Drive,Automatic,Black/Gray,,,,,,,,,,,,,,,,
2018,Honda,Civic LX,19998,49000,31 city/40 hwy,4-cyl,Gas,Front Wheel Drive,Automatic,Blue/Black,,,,,,,,,,,,,,,,
2017,Honda,Pilot EX-L,22998,76000,18 city/26 hwy,6-cyl,Gas,All Wheel Drive,Automatic,Gray/Black,,,,,,,,,,,,,,,,
2016,Honda,CR-V SE,15998,112000,25 city/31 hwy,4-cyl,Gas,All Wheel Drive,Automatic,Blue/Gray,,,,,,,,,,,,,,,,
2019,Honda,CR-V EX,28998,13000,27 city/33 hwy,4-cyl,Turbo Gas,All Wheel Drive,Automatic,White/Tan,,,,,,,,,,,,,,,,
2020,Honda,Accord Sport,25998,32000,29 city/35 hwy,4-cyl,Turbo Gas,Front Wheel Drive,Automatic,Gray/Black,,,,,,,,,,,,,,,,
2020,Honda,HR-V LX,19998,49000,27 city/31 hwy,4-cyl,Gas,All Wheel Drive,Automatic,White/Gray,,,,,,,,,,,,,,,,
2020,Honda,Civic Sport,23998,50000,29 city/35 hwy,4-cyl,Turbo Gas,Front Wheel Drive,Automatic,Gray/Black,,,,,,,,,,,,,,,,
2018,Honda,Accord Sport,22998,97000,29 city/35 hwy,,,,Automatic,Blue/Black,,,,,,,,,,,,,,,,
2024,Honda,Civic Sport,27998,7000,29 city/37 hwy,4-cyl,Gas,Front Wheel Drive,Automatic,White/Black,,,,,,,,,,,,,,,,
2016,Honda,CR-V SE,18998,71000,25 city/31 hwy,4-cyl,Gas,All Wheel Drive,Automatic,Gray/Black,,,,,,,,,,,,,,,,
2017,Honda,Accord Sport,19998,90000,26 city/34 hwy,4-cyl,Gas,Front Wheel Drive,Automatic,Black/Black,,,,,,,,,,,,,,,,
2023,Honda,Ridgeline Sport,34998,10000,18 city/24 hwy,6-cyl,Gas,All Wheel Drive,Automatic,White/Black,5 ft,,,,,,,,,,,,,,,
2020,Honda,Ridgeline Sport,28998,36000,19 city/24 hwy,,,,Automatic,White/Black,5 ft,,,,,,,,,,,,,,,
2018,Honda,Civic LX,18998,60000,28 city/39 hwy,4-cyl,Gas,Front Wheel Drive,Manual 6 Speed,Black/Gray,,,,,,,,,,,,,,,,
2015,Honda,Fit EX,16998,67000,32 city/38 hwy,4-cyl,Gas,Front Wheel Drive,Automatic,Red/Black,,,,,,,,,,,,,,,,
2022,Honda,Ridgeline RTL-E,33998,41000,18 city/24 hwy,6-cyl,Gas,All Wheel Drive,Automatic,White/Gray,5 ft,,,,,,,,,,,,,,,
2021,Honda,HR-V EX,22998,24000,28 city/34 hwy,4-cyl,Gas,Front Wheel Drive,Automatic,Purple/Black,,,,,,,,,,,,,,,,
2022,Honda,Ridgeline RTL-E,35998,26000,18 city/24 hwy,6-cyl,Gas,All Wheel Drive,Automatic,Gray/Black,5 ft,,,,,,,,,,,,,,,
2024,Honda,Civic EX-L,28998,14000,31 city/39 hwy,4-cyl,Turbo Gas,Front Wheel Drive,Automatic,White/Cream,,,,,,,,,,,,,,,,
2020,Honda,Accord Sport,25998,39000,29 city/35 hwy,4-cyl,Turbo Gas,Front Wheel Drive,Automatic,Silver/Black,,,,,,,,,,,,,,,,
2020,Honda,CR-V EX,29998,12000,27 city/32 hwy,4-cyl,Turbo Gas,All Wheel Drive,Automatic,White/Black,,,,,,,,,,,,,,,,
2021,Honda,CR-V Special Edition,26998,32000,27 city/32 hwy,4-cyl,Turbo Gas,All Wheel Drive,Automatic,White/Black,,,,,,,,,,,,,,,,
2018,Honda,Accord EX,21998,81000,30 city/38 hwy,4-cyl,Turbo Gas,Front Wheel Drive,Automatic,Silver/Gray,,,,,,,,,,,,,,,,
2021,Honda,CR-V EX,27998,37000,27 city/32 hwy,4-cyl,Turbo Gas,All Wheel Drive,Automatic,Silver/Gray,,,,,,,,,,,,,,,,
2023,Honda,Civic SI,30998,12000,31 city/38 hwy,4-cyl,Turbo Gas,Front Wheel Drive,Manual 6 Speed,White/Red,,,,,,,,,,,,,,,,
2018,Honda,Civic LX,19998,46000,31 city/40 hwy,4-cyl,Gas,Front Wheel Drive,Automatic,Blue/Black,,,,,,,,,,,,,,,,
2019,Honda,CR-V EX-L,26998,39000,27 city/33 hwy,4-cyl,Turbo Gas,All Wheel Drive,Automatic,Gray/Gray,,,,,,,,,,,,,,,,
2014,Honda,CR-V LX,16998,83000,22 city/30 hwy,4-cyl,Gas,All Wheel Drive,Automatic,White/Gray,,,,,,,,,,,,,,,,
2016,Honda,HR-V EX-L,17998,84000,27 city/32 hwy,4-cyl,Gas,All Wheel Drive,Automatic,Purple/Black,,,,,,,,,,,,,,,,
2023,Honda,Accord LX,26998,19000,29 city/37 hwy,4-cyl,Turbo Gas,Front Wheel Drive,Automatic,White/Black,,,,,,,,,,,,,,,,
2022,Honda,Pilot Touring,38998,15000,19 city/26 hwy,6-cyl,Gas,All Wheel Drive,Automatic,Gray/Gray,,,,,,,,,,,,,,,,
2019,Honda,Civic Type-R Touring,35998,49000,22 city/28 hwy,4-cyl,Turbo Gas,Front Wheel Drive,Manual 6 Speed,Blue/Red,,,,,,,,,,,,,,,,
2019,Honda,Pilot EX-L,25998,55000,19 city/27 hwy,6-cyl,Gas,Front Wheel Drive,Automatic,Burgundy/Tan,,,,,,,,,,,,,,,,
2019,Honda,Civic Sport,20998,43000,29 city/36 hwy,4-cyl,Gas,Front Wheel Drive,Automatic,Silver/Black,,,,,,,,,,,,,,,,
2022,Honda,Civic Sport,24998,39000,30 city/37 hwy,4-cyl,Gas,Front Wheel Drive,Automatic,Silver/Black,,,,,,,,,,,,,,,,
2021,Honda,CR-V Special Edition,26998,30000,27 city/32 hwy,4-cyl,Turbo Gas,All Wheel Drive,Automatic,White/Black,,,,,,,,,,,,,,,,
2023,Honda,Civic SI,29998,19000,31 city/38 hwy,4-cyl,Turbo Gas,Front Wheel Drive,Manual 6 Speed,Gray/Red,,,,,,,,,,,,,,,,
2013,Honda,Pilot LX,14998,125000,17 city/24 hwy,6-cyl,Gas,Four Wheel Drive,Automatic,Gray/Gray,,,,,,,,,,,,,,,,
2014,Honda,Ridgeline Sport,17998,125000,15 city/21 hwy,6-cyl,Gas,Four Wheel Drive,Automatic,Gray/Gray,5 ft,,,,,,,,,,,,,,,
2015,Honda,Civic EX-L,14599,124000,30 city/39 hwy,4-cyl,Gas,Front Wheel Drive,Automatic,Gray/Black,,,,,,,,,,,,,,,,
2019,Honda,HR-V LX,20998,26000,28 city/34 hwy,4-cyl,Gas,Front Wheel Drive,Automatic,Black/Black,,,,,,,,,,,,,,,,
2022,Honda,HR-V LX,21998,23000,28 city/34 hwy,4-cyl,Gas,Front Wheel Drive,Automatic,Black/Black,,,,,,,,,,,,,,,,
2016,Honda,CR-V Touring,17998,106000,25 city/31 hwy,4-cyl,Gas,All Wheel Drive,Automatic,White/Tan,,,,,,,,,,,,,,,,
2022,Honda,Civic SI,28998,39000,27 city/37 hwy,4-cyl,Turbo Gas,Front Wheel Drive,Manual 6 Speed,Orange/Red,,,,,,,,,,,,,,,,
2013,Honda,Odyssey Touring,17998,108000,19 city/28 hwy,6-cyl,Gas,Front Wheel Drive,Automatic,White/Gray,,,,,,,,,,,,,,,,
2019,Honda,Accord Sport,23998,54000,29 city/35 hwy,4-cyl,Turbo Gas,Front Wheel Drive,Automatic,Red/Black,,,,,,,,,,,,,,,,
2021,Honda,Accord Touring,28998,46000,22 city/32 hwy,4-cyl,Turbo Gas,Front Wheel Drive,Automatic,White/Black,,,,,,,,,,,,,,,,
2019,Honda,Odyssey EX-L,23998,107000,19 city/28 hwy,6-cyl,Gas,Front Wheel Drive,Automatic,Brown/Black,,,,,,,,,,,,,,,,
2015,Honda,Civic EX-L,15998,84000,30 city/39 hwy,4-cyl,Gas,Front Wheel Drive,Automatic,Black/Tan,,,,,,,,,,,,,,,,
2019,Honda,HR-V Sport,20998,53000,26 city/31 hwy,4-cyl,Gas,All Wheel Drive,Automatic,Gray/Black,,,,,,,,,,,,,,,,
2018,Honda,Odyssey EX-L,30998,32000,19 city/28 hwy,6-cyl,Gas,Front Wheel Drive,Automatic,Blue/Gray,,,,,,,,,,,,,,,,
2020,Honda,Accord Sport,26998,42000,22 city/32 hwy,4-cyl,Turbo Gas,Front Wheel Drive,Automatic,Gray/Black,,,,,,,,,,,,,,,,
2018,Honda,CR-V EX-L,23998,58000,27 city/33 hwy,4-cyl,Turbo Gas,All Wheel Drive,Automatic,Silver/Black,,,,,,,,,,,,,,,,
2019,Honda,Pilot Touring,30998,36000,18 city/26 hwy,,,,Automatic,Black/Black,,,,,,,,,,,,,,,,
2019,Honda,CR-V LX,22998,41000,25 city/31 hwy,4-cyl,Gas,All Wheel Drive,Automatic,Silver/Gray,,,,,,,,,,,,,,,,
2021,Honda,Pilot Elite,34998,41000,19 city/26 hwy,6-cyl,Gas,All Wheel Drive,Automatic,White/Black,,,,,,,,,,,,,,,,
2016,Honda,Odyssey EX-L,20998,85000,19 city/28 hwy,6-cyl,Gas,Front Wheel Drive,Automatic,Black/Gray,,,,,,,,,,,,,,,,
2020,Honda,Civic Sport,21998,46000,29 city/36 hwy,4-cyl,Gas,Front Wheel Drive,Automatic,White/Black,,,,,,,,,,,,,,,,
2017,Honda,Accord Sport,20998,60000,26 city/34 hwy,4-cyl,Gas,Front Wheel Drive,Automatic,Gray/Black,,,,,,,,,,,,,,,,
2024,Honda,HR-V Sport,28998,4000,25 city/30 hwy,4-cyl,Gas,All Wheel Drive,Automatic,Red/Black,,,,,,,,,,,,,,,,
2019,Honda,CR-V EX-L,25998,44000,27 city/33 hwy,4-cyl,Turbo Gas,All Wheel Drive,Automatic,Gray/Gray,,,,,,,,,,,,,,,,
2013,Honda,Fit ,12998,94000,28 city/35 hwy,4-cyl,Gas,Front Wheel Drive,Automatic,Black/Gray,,,,,,,,,,,,,,,,
2019,Honda,CR-V EX,23998,58000,27 city/33 hwy,4-cyl,Turbo Gas,All Wheel Drive,Automatic,Silver/Black,,,,,,,,,,,,,,,,
2015,Honda,Civic EX,17998,65000,30 city/39 hwy,4-cyl,Gas,Front Wheel Drive,Automatic,White/Tan,,,,,,,,,,,,,,,,
2024,Honda,Civic Type R,47998,2000,22 city/28 hwy,4-cyl,Turbo Gas,Front Wheel Drive,Manual 6 Speed,White/Red,,,,,,,,,,,,,,,,
2016,Honda,Odyssey LX,16998,110000,19 city/28 hwy,6-cyl,Gas,Front Wheel Drive,Automatic,Silver/Gray,,,,,,,,,,,,,,,,
2021,Honda,Civic Sport,25998,19000,29 city/35 hwy,4-cyl,Turbo Gas,Front Wheel Drive,Automatic,Gray/Black,,,,,,,,,,,,,,,,
2021,Honda,CR-V Special Edition,28998,14000,27 city/32 hwy,4-cyl,Turbo Gas,All Wheel Drive,Automatic,White/Gray,,,,,,,,,,,,,,,,
2022,Honda,Civic Sport,25998,18000,30 city/37 hwy,4-cyl,Gas,Front Wheel Drive,Automatic,Gray/Black,,,,,,,,,,,,,,,,
2017,Honda,Pilot EX-L,23998,69000,18 city/26 hwy,6-cyl,Gas,All Wheel Drive,Automatic,White/Tan,,,,,,,,,,,,,,,,
2020,Honda,CR-V EX-L,28998,31000,27 city/32 hwy,4-cyl,Turbo Gas,All Wheel Drive,Automatic,Silver/Black,,,,,,,,,,,,,,,,
2019,Honda,Accord LX,17998,110000,30 city/38 hwy,4-cyl,Turbo Gas,Front Wheel Drive,Automatic,Red/Gray,,,,,,,,,,,,,,,,
2022,Honda,Pilot Black Edition,38998,31000,19 city/26 hwy,6-cyl,Gas,All Wheel Drive,Automatic,Black/Black,,,,,,,,,,,,,,,,
2015,Honda,CR-V LX,18998,40000,26 city/33 hwy,4-cyl,Gas,All Wheel Drive,Automatic,Brown/Black,,,,,,,,,,,,,,,,
2022,Honda,CR-V Touring,35998,9000,27 city/32 hwy,4-cyl,Turbo Gas,All Wheel Drive,Automatic,Silver/Gray,,,,,,,,,,,,,,,,
2019,Honda,Ridgeline Sport,25998,59000,18 city/25 hwy,6-cyl,Gas,All Wheel Drive,Automatic,Black/Black,5 ft,,,,,,,,,,,,,,,
2023,Honda,Civic Touring,27998,13000,31 city/38 hwy,4-cyl,Turbo Gas,Front Wheel Drive,Automatic,Red/Black,,,,,,,,,,,,,,,,
2023,Honda,Accord LX,26998,16000,29 city/37 hwy,4-cyl,Turbo Gas,Front Wheel Drive,Automatic,Black/Black,,,,,,,,,,,,,,,,
2020,Honda,Pilot Touring,31998,31000,20 city/27 hwy,6-cyl,Gas,Front Wheel Drive,Automatic,Gray/Black,,,,,,,,,,,,,,,,
2023,Honda,CR-V EX,32998,9000,27 city/32 hwy,4-cyl,Turbo Gas,All Wheel Drive,Automatic,Blue/Black,,,,,,,,,,,,,,,,
2019,Honda,CR-V EX-L,27998,27000,27 city/33 hwy,4-cyl,Turbo Gas,All Wheel Drive,Automatic,Tan/Tan,,,,,,,,,,,,,,,,
2013,Honda,CR-V EX-L,18998,51000,22 city/30 hwy,4-cyl,Gas,All Wheel Drive,Automatic,Black/Black,,,,,,,,,,,,,,,,
2022,Honda,Insight Touring,25998,40000,51 city/45 hwy,4-cyl,Hybrid,Front Wheel Drive,Automatic,Gray/Black,,,,,,,,,,,,,,,,
2022,Honda,Civic EX,24998,32000,33 city/42 hwy,4-cyl,Turbo Gas,Front Wheel Drive,Automatic,Black/Black,,,,,,,,,,,,,,,,
2017,Honda,CR-V EX-L,23998,42000,27 city/33 hwy,4-cyl,Turbo Gas,All Wheel Drive,Automatic,White/Tan,,,,,,,,,,,,,,,,
2019,Honda,CR-V EX,23998,51000,27 city/33 hwy,4-cyl,Turbo Gas,All Wheel Drive,Automatic,Blue/Gray,,,,,,,,,,,,,,,,
2017,Honda,Odyssey EX-L,20998,101000,19 city/27 hwy,6-cyl,Gas,Front Wheel Drive,Automatic,White/Gray,,,,,,,,,,,,,,,,
2022,Honda,CR-V Hybrid EX-L,33998,25000,,4-cyl,Hybrid,All Wheel Drive,Automatic,Blue/Black,,,,,,,,,,,,,,,,
2021,Honda,Passport Sport,27998,25000,19 city/24 hwy,6-cyl,Gas,All Wheel Drive,Automatic,Gray/Black,,,,,,,,,,,,,,,,
2021,Honda,Accord Sport,26998,46000,22 city/32 hwy,4-cyl,Turbo Gas,Front Wheel Drive,Automatic,Blue/Black,,,,,,,,,,,,,,,,
2021,Honda,Civic Sport,22998,37000,29 city/37 hwy,4-cyl,Gas,Front Wheel Drive,Automatic,Black/Black,,,,,,,,,,,,,,,,
2018,Honda,Civic EX-L,20998,52000,32 city/42 hwy,4-cyl,Turbo Gas,Front Wheel Drive,Automatic,White/Black,,,,,,,,,,,,,,,,
2013,Honda,Civic LX,15998,57000,28 city/39 hwy,4-cyl,Gas,Front Wheel Drive,Automatic,Silver/Gray,,,,,,,,,,,,,,,,
2017,Honda,HR-V EX,17998,83000,27 city/31 hwy,4-cyl,Gas,All Wheel Drive,Automatic,White/Gray,,,,,,,,,,,,,,,,
2013,Honda,CR-V LX,13599,122000,22 city/30 hwy,4-cyl,Gas,All Wheel Drive,Automatic,Gray/Gray,,,,,,,,,,,,,,,,
2019,Honda,Accord EX,23998,36000,30 city/38 hwy,4-cyl,Turbo Gas,Front Wheel Drive,Automatic,Black/Black,,,,,,,,,,,,,,,,
2016,Honda,Pilot Touring,21998,93000,19 city/26 hwy,6-cyl,Gas,All Wheel Drive,Automatic,White/Tan,,,,,,,,,,,,,,,,
2018,Honda,Accord Touring,24998,60000,22 city/32 hwy,4-cyl,Turbo Gas,Front Wheel Drive,Automatic,Black/Black,,,,,,,,,,,,,,,,
2019,Honda,Civic Sport,21998,49000,29 city/38 hwy,,,,Manual 6 Speed,Blue/Black,,,,,,,,,,,,,,,,
2018,Honda,Civic EX,18998,76000,31 city/40 hwy,4-cyl,Gas,Front Wheel Drive,Automatic,Red/Black,,,,,,,,,,,,,,,,
2021,Honda,Accord Touring,30998,20000,22 city/32 hwy,4-cyl,Turbo Gas,Front Wheel Drive,Automatic,White/Black,,,,,,,,,,,,,,,,
2015,Honda,Civic LX,15998,75000,30 city/39 hwy,4-cyl,Gas,Front Wheel Drive,Automatic,Black/Gray,,,,,,,,,,,,,,,,
2016,Honda,CR-V Touring,20998,85000,25 city/31 hwy,4-cyl,Gas,All Wheel Drive,Automatic,Gray/Gray,,,,,,,,,,,,,,,,
2017,Honda,Civic EX,16998,113000,31 city/40 hwy,4-cyl,Gas,Front Wheel Drive,Automatic,Gray/Gray,,,,,,,,,,,,,,,,
2019,Honda,Civic Sport,22998,51000,29 city/38 hwy,4-cyl,Turbo Gas,Front Wheel Drive,Manual 6 Speed,Black/Black,,,,,,,,,,,,,,,,
2019,Honda,Passport EX-L,27998,30000,19 city/24 hwy,6-cyl,Gas,All Wheel Drive,Automatic,Gray/Black,,,,,,,,,,,,,,,,
2024,Honda,HR-V LX,26998,8000,25 city/30 hwy,4-cyl,Gas,All Wheel Drive,Automatic,Black/Black,,,,,,,,,,,,,,,,
2017,Honda,Civic EX,19998,77000,31 city/40 hwy,4-cyl,Turbo Gas,Front Wheel Drive,Automatic,Gray/Black,,,,,,,,,,,,,,,,
2017,Honda,Accord Sport SE,17998,97000,26 city/34 hwy,4-cyl,Gas,Front Wheel Drive,Automatic,White/Black,,,,,,,,,,,,,,,,
2021,Honda,Civic Sport,24998,21000,29 city/35 hwy,4-cyl,Turbo Gas,Front Wheel Drive,Automatic,Gray/Black,,,,,,,,,,,,,,,,
2017,Honda,Civic EX,16998,100000,31 city/40 hwy,4-cyl,Gas,Front Wheel Drive,Automatic,Silver/Black,,,,,,,,,,,,,,,,
2018,Honda,Civic LX,19998,44000,28 city/40 hwy,4-cyl,Gas,Front Wheel Drive,Manual 6 Speed,Blue/Black,,,,,,,,,,,,,,,,
2018,Honda,Civic LX,15998,103000,30 city/39 hwy,4-cyl,Gas,Front Wheel Drive,Automatic,Black/Tan,,,,,,,,,,,,,,,,
2022,Honda,Civic EX,25998,18000,33 city/42 hwy,4-cyl,Turbo Gas,Front Wheel Drive,Automatic,Gray/Black,,,,,,,,,,,,,,,,
2018,Honda,Civic LX,19998,31000,31 city/40 hwy,4-cyl,Gas,Front Wheel Drive,Automatic,Silver/Black,,,,,,,,,,,,,,,,
2013,Honda,Pilot Touring,18998,90000,17 city/24 hwy,6-cyl,Gas,Four Wheel Drive,Automatic,Blue/Gray,,,,,,,,,,,,,,,,
2018,Honda,CR-V Touring,21998,83000,27 city/33 hwy,4-cyl,Turbo Gas,All Wheel Drive,Automatic,Black/Gray,,,,,,,,,,,,,,,,
2014,Honda,Accord EX,17998,88000,27 city/36 hwy,4-cyl,Gas,Front Wheel Drive,Automatic,Black/Black,,,,,,,,,,,,,,,,
2024,Honda,Civic Type R,47998,6000,22 city/28 hwy,4-cyl,Turbo Gas,Front Wheel Drive,Manual 6 Speed,Gray/Red,,,,,,,,,,,,,,,,
2021,Honda,Odyssey Touring,39998,10000,19 city/28 hwy,6-cyl,Gas,Front Wheel Drive,Automatic,Silver/Gray,,,,,,,,,,,,,,,,
2013,Honda,Civic LX,17998,24000,28 city/39 hwy,,,,Automatic,Brown/Gray,,,,,,,,,,,,,,,,
2018,Honda,CR-V EX,24998,42000,27 city/33 hwy,4-cyl,Turbo Gas,All Wheel Drive,Automatic,Red/Tan,,,,,,,,,,,,,,,,
2024,Honda,Civic Type R,47998,5000,22 city/28 hwy,4-cyl,Turbo Gas,Front Wheel Drive,Manual 6 Speed,Blue/Red,,,,,,,,,,,,,,,,
2021,Honda,HR-V LX,22998,23000,27 city/31 hwy,,,,Automatic,White/Gray,,,,,,,,,,,,,,,,
2014,Honda,CR-V EX-L,19998,48000,23 city/31 hwy,4-cyl,Gas,Front Wheel Drive,Automatic,Blue/Tan,,,,,,,,,,,,,,,,
2021,Honda,Pilot EX-L,30998,34000,19 city/26 hwy,6-cyl,Gas,All Wheel Drive,Automatic,Black/Black,,,,,,,,,,,,,,,,
2022,Honda,Civic Sport,26998,21000,30 city/37 hwy,4-cyl,Gas,Front Wheel Drive,Automatic,Gray/Black,,,,,,,,,,,,,,,,
2015,Honda,CR-V EX,14998,108000,27 city/34 hwy,4-cyl,Gas,Front Wheel Drive,Automatic,Gray/Gray,,,,,,,,,,,,,,,,
2014,Honda,Civic LX,14998,116000,30 city/39 hwy,4-cyl,Gas,Front Wheel Drive,Automatic,White/Tan,,,,,,,,,,,,,,,,
2022,Honda,Civic SI,29998,20000,27 city/37 hwy,4-cyl,Turbo Gas,Front Wheel Drive,Manual 6 Speed,Gray/Red,,,,,,,,,,,,,,,,
2020,Honda,Insight Touring,25998,26000,51 city/45 hwy,4-cyl,Hybrid,Front Wheel Drive,Automatic,Black/Black,,,,,,,,,,,,,,,,
2021,Honda,Pilot EX-L,31998,40000,19 city/26 hwy,6-cyl,Gas,All Wheel Drive,Automatic,Black/Black,,,,,,,,,,,,,,,,
2020,Honda,Pilot EX-L,26998,72000,18 city/26 hwy,6-cyl,Gas,All Wheel Drive,Automatic,Gray/Black,,,,,,,,,,,,,,,,
2023,Honda,Civic Sport,25998,23000,30 city/37 hwy,4-cyl,Gas,Front Wheel Drive,Automatic,Silver/Black,,,,,,,,,,,,,,,,
2020,Honda,CR-V EX-L,27998,43000,27 city/32 hwy,4-cyl,Turbo Gas,All Wheel Drive,Automatic,Gray/Gray,,,,,,,,,,,,,,,,
2020,Honda,Pilot EX-L,28998,47000,18 city/26 hwy,6-cyl,Gas,All Wheel Drive,Automatic,Silver/Black,,,,,,,,,,,,,,,,
2019,Honda,Civic Sport,18998,92000,25 city/36 hwy,4-cyl,Gas,Front Wheel Drive,Manual 6 Speed,White/Black,,,,,,,,,,,,,,,,
2019,Honda,Accord LX,21998,54000,30 city/38 hwy,4-cyl,Turbo Gas,Front Wheel Drive,Automatic,Red/Gray,,,,,,,,,,,,,,,,
2020,Honda,Accord Hybrid EX-L,25998,54000,48 city/47 hwy,4-cyl,Hybrid,Front Wheel Drive,Automatic,White/Gray,,,,,,,,,,,,,,,,
2017,Honda,CR-V EX-L,25998,23000,27 city/33 hwy,4-cyl,Turbo Gas,All Wheel Drive,Automatic,Burgundy/Gray,,,,,,,,,,,,,,,,
2019,Honda,Odyssey EX-L,28998,49000,19 city/28 hwy,6-cyl,Gas,Front Wheel Drive,Automatic,Silver/Gray,,,,,,,,,,,,,,,,
2019,Honda,Accord LX,23998,58000,30 city/38 hwy,4-cyl,Turbo Gas,Front Wheel Drive,Automatic,Black/Black,,,,,,,,,,,,,,,,
2023,Honda,Civic LX,24998,8000,30 city/37 hwy,4-cyl,Gas,Front Wheel Drive,Automatic,Black/Black,,,,,,,,,,,,,,,,
2021,Honda,HR-V EX-L,24998,12000,26 city/31 hwy,4-cyl,Gas,All Wheel Drive,Automatic,Black/Black,,,,,,,,,,,,,,,,
2019,Honda,CR-V EX,27998,31000,27 city/33 hwy,4-cyl,Turbo Gas,All Wheel Drive,Automatic,Blue/Gray,,,,,,,,,,,,,,,,
2020,Honda,Pilot Touring,30998,58000,19 city/26 hwy,6-cyl,Gas,All Wheel Drive,Automatic,White/Black,,,,,,,,,,,,,,,,
2013,Honda,Pilot Touring,16998,116000,17 city/24 hwy,6-cyl,Gas,Four Wheel Drive,Automatic,White/Black,,,,,,,,,,,,,,,,
2018,Honda,Civic LX,18998,61000,31 city/40 hwy,4-cyl,Gas,Front Wheel Drive,Automatic,Gray/Gray,,,,,,,,,,,,,,,,
2021,Honda,Accord Touring,29998,39000,22 city/32 hwy,4-cyl,Turbo Gas,Front Wheel Drive,Automatic,Pearl/Tan,,,,,,,,,,,,,,,,
2021,Honda,HR-V LX,22998,21000,27 city/31 hwy,4-cyl,Gas,All Wheel Drive,Automatic,Gray/Black,,,,,,,,,,,,,,,,
2018,Honda,Clarity Plug in Hybrid Touring,22998,36000,,4-cyl,Plug-in Hybrid,Front Wheel Drive,,White/Cream,,,,,,,,,,,,47 miles,2.5 hours,,,
2022,Honda,CR-V Hybrid EX-L,32998,41000,,4-cyl,Hybrid,All Wheel Drive,Automatic,White/Cream,,,,,,,,,,,,,,,,
2016,Honda,HR-V LX,15998,81000,27 city/32 hwy,4-cyl,Gas,All Wheel Drive,Automatic,Black/Black,,,,,,,,,,,,,,,,
2015,Honda,CR-V LX,16998,78000,26 city/33 hwy,4-cyl,Gas,All Wheel Drive,Automatic,Burgundy/Black,,,,,,,,,,,,,,,,
2020,Honda,Accord Sport,23998,49000,29 city/35 hwy,,,,Automatic,White/Black,,,,,,,,,,,,,,,,
2013,Honda,Civic EX,14998,98000,28 city/39 hwy,4-cyl,Gas,Front Wheel Drive,Automatic,Black/Gray,,,,,,,,,,,,,,,,
2017,Honda,Accord Hybrid EX-L,18998,102000,49 city/47 hwy,4-cyl,Hybrid,Front Wheel Drive,Automatic,Black/Black,,,,,,,,,,,,,,,,
2024,Honda,CR-V EX-L,36998,22000,27 city/32 hwy,4-cyl,Turbo Gas,All Wheel Drive,Automatic,White/Tan,,,,,,,,,,,,,,,,
2019,Honda,HR-V LX,17998,81000,27 city/31 hwy,,,,Automatic,Gray/Black,,,,,,,,,,,,,,,,
2015,Honda,Odyssey EX-L,20998,87000,19 city/28 hwy,6-cyl,Gas,Front Wheel Drive,Automatic,Burgundy/Tan,,,,,,,,,,,,,,,,
2020,Honda,Civic SI,24998,43000,26 city/36 hwy,4-cyl,Turbo Gas,Front Wheel Drive,Manual 6 Speed,Red/Black,,,,,,,,,,,,,,,,
2017,Honda,Accord LX,20998,38000,27 city/36 hwy,4-cyl,Gas,Front Wheel Drive,Automatic,Black/Tan,,,,,,,,,,,,,,,,
2024,Honda,Civic Sport,26998,7000,30 city/37 hwy,4-cyl,Gas,Front Wheel Drive,Automatic,Red/Black,,,,,,,,,,,,,,,,
2020,Honda,Odyssey EX-L,29998,46000,19 city/28 hwy,6-cyl,Gas,Front Wheel Drive,Automatic,White/Black,,,,,,,,,,,,,,,,
2020,Honda,CR-V EX-L,27998,29000,28 city/34 hwy,4-cyl,Turbo Gas,Front Wheel Drive,Automatic,White/Black,,,,,,,,,,,,,,,,
2018,Honda,Accord Hybrid ,21998,66000,47 city/47 hwy,4-cyl,Hybrid,Front Wheel Drive,Automatic,White/Gray,,,,,,,,,,,,,,,,
2021,Honda,Civic EX,25998,12000,32 city/42 hwy,4-cyl,Turbo Gas,Front Wheel Drive,Automatic,Blue/Gray,,,,,,,,,,,,,,,,
2015,Honda,Odyssey EX-L,21998,81000,19 city/28 hwy,6-cyl,Gas,Front Wheel Drive,Automatic,Blue/Gray,,,,,,,,,,,,,,,,
2016,Honda,Odyssey EX-L,20998,91000,19 city/28 hwy,6-cyl,Gas,Front Wheel Drive,Automatic,White/Brown,,,,,,,,,,,,,,,,
2022,Honda,Civic EX-L,25998,29000,31 city/39 hwy,4-cyl,Turbo Gas,Front Wheel Drive,Automatic,Black/Black,,,,,,,,,,,,,,,,
2023,Honda,HR-V LX,24998,22000,25 city/30 hwy,4-cyl,Gas,All Wheel Drive,Automatic,Silver/Tan,,,,,,,,,,,,,,,,
2022,Honda,Accord Hybrid Sport,29998,24000,44 city/41 hwy,4-cyl,Hybrid,Front Wheel Drive,Automatic,White/Black,,,,,,,,,,,,,,,,
2015,Honda,Accord EX-L,17998,84000,21 city/34 hwy,6-cyl,Gas,Front Wheel Drive,Automatic,White/Tan,,,,,,,,,,,,,,,,
2014,Honda,CR-V LX,17998,65000,22 city/30 hwy,4-cyl,Gas,All Wheel Drive,Automatic,Burgundy/Gray,,,,,,,,,,,,,,,,
2018,Honda,Accord Sport,22998,56000,29 city/35 hwy,4-cyl,Turbo Gas,Front Wheel Drive,Automatic,Blue/Black,,,,,,,,,,,,,,,,
2018,Honda,Accord LX,20998,78000,30 city/38 hwy,4-cyl,Turbo Gas,Front Wheel Drive,Automatic,Black/Black,,,,,,,,,,,,,,,,
2014,Honda,CR-V LX,17998,65000,22 city/30 hwy,4-cyl,Gas,All Wheel Drive,Automatic,Gray/Black,,,,,,,,,,,,,,,,
2020,Honda,HR-V LX,21998,17000,27 city/31 hwy,4-cyl,Gas,All Wheel Drive,Automatic,Black/Black,,,,,,,,,,,,,,,,
2019,Honda,Pilot EX-L,25998,61000,18 city/26 hwy,6-cyl,Gas,All Wheel Drive,Automatic,White/Black,,,,,,,,,,,,,,,,
2013,Honda,Pilot EX-L,23998,46000,17 city/24 hwy,6-cyl,Gas,Four Wheel Drive,Automatic,Burgundy/Black,,,,,,,,,,,,,,,,
2018,Honda,CR-V EX-L,21998,70000,27 city/33 hwy,4-cyl,Turbo Gas,All Wheel Drive,Automatic,Gray/Gray,,,,,,,,,,,,,,,,
2019,Honda,CR-V EX,25998,30000,27 city/33 hwy,4-cyl,Turbo Gas,All Wheel Drive,Automatic,Gray/Gray,,,,,,,,,,,,,,,,
2016,Honda,CR-V EX,18998,81000,25 city/31 hwy,4-cyl,Gas,All Wheel Drive,Automatic,Blue/Gray,,,,,,,,,,,,,,,,
2018,Honda,Civic LX,19998,38000,31 city/40 hwy,4-cyl,Gas,Front Wheel Drive,Automatic,Red/Black,,,,Fuel Efficient,,None,,,Optional MaxCare® plan,,,,,Low Miles Per Year,,
2017,Honda,Accord LX,18998,65000,27 city/36 hwy,4-cyl,Gas,Front Wheel Drive,Automatic,Burgundy/Gray,,,Single Owner,,Optional MaxCare® plan,None,,,,,,,,,Fuel Efficient,
2021,Honda,Civic Sport,22998,68000,29 city/37 hwy,4-cyl,Gas,Front Wheel Drive,Automatic,Blue/Black,,,,,Optional MaxCare® plan,Fleet,,,,,,,,,,
2019,Honda,Accord LX,22998,40000,30 city/38 hwy,4-cyl,Turbo Gas,Front Wheel Drive,Automatic,White/Tan,,,,,,,,,,,,,,,,
2020,Honda,Civic Sport,24998,35000,29 city/35 hwy,4-cyl,Turbo Gas,Front Wheel Drive,Automatic,Gray/Black,,,,,,,,,,,,,,,,
2018,Honda,Accord Sport,20998,99000,29 city/35 hwy,4-cyl,Turbo Gas,Front Wheel Drive,Automatic,Blue/Black,,,,,,,,,,,,,,,,
2017,Honda,HR-V LX,18998,41000,27 city/31 hwy,4-cyl,Gas,All Wheel Drive,Automatic,Black/Black,,,,,,,,,,,,,,,,
2019,Honda,CR-V EX,22998,59000,27 city/33 hwy,4-cyl,Turbo Gas,All Wheel Drive,Automatic,Black/Black,,,,,,,,,,,,,,,,
2023,Honda,Accord LX,26998,15000,29 city/37 hwy,4-cyl,Turbo Gas,Front Wheel Drive,Automatic,Silver/Black,,,,,,,,,,,,,,,,
2016,Honda,Pilot Touring,21998,86000,19 city/26 hwy,6-cyl,Gas,All Wheel Drive,Automatic,Black/Black,,,,,,,,,,,,,,,,
2017,Honda,Civic SI,17998,128000,28 city/38 hwy,4-cyl,Turbo Gas,Front Wheel Drive,Manual 6 Speed,Gray/Black,,,,,,,,,,,,,,,,
2015,Honda,Fit EX-L,18998,20000,32 city/38 hwy,4-cyl,Gas,Front Wheel Drive,Automatic,Silver/Black,,,,,,,,,,,,,,,,
2021,Honda,CR-V EX-L,27998,31000,27 city/32 hwy,4-cyl,Turbo Gas,All Wheel Drive,Automatic,Red/Gray,,,,,,,,,,,,,,,,
2019,Honda,HR-V Touring,24998,14000,26 city/31 hwy,4-cyl,Gas,All Wheel Drive,Automatic,Orange/Black,,,,,,,,,,,,,,,,
2019,Honda,Civic EX,24998,33000,31 city/40 hwy,,,,Automatic,Gray/Black,,,,,,,,,,,,,,,,
2018,Honda,Civic LX,16998,121000,31 city/40 hwy,4-cyl,Turbo Gas,Front Wheel Drive,Automatic,Silver/Black,,,,,,,,,,,,,,,,
2015,Honda,Accord EX,17998,79000,27 city/36 hwy,4-cyl,Gas,Front Wheel Drive,Automatic,White/Tan,,,,,,,,,,,,,,,,
2022,Honda,CR-V EX,30998,21000,27 city/32 hwy,4-cyl,Turbo Gas,All Wheel Drive,Automatic,Blue/Black,,,,,,,,,,,,,,,,
2022,Honda,CR-V EX-L,28998,43000,27 city/32 hwy,4-cyl,Turbo Gas,All Wheel Drive,Automatic,Burgundy/Gray,,,,,,,,,,,,,,,,
2014,Honda,Accord LX,17998,67000,24 city/34 hwy,,,,Automatic,Silver/Black,,,,,,,,,,,,,,,,
2016,Honda,CR-V LX,17998,77000,25 city/31 hwy,4-cyl,Gas,All Wheel Drive,Automatic,Black/Black,,,,,,,,,,,,,,,,
2021,Honda,CR-V EX-L,28998,25000,27 city/32 hwy,4-cyl,Turbo Gas,All Wheel Drive,Automatic,Black/Black,,,,,,,,,,,,,,,,
2022,Honda,Civic Sport,26998,24000,30 city/37 hwy,4-cyl,Gas,Front Wheel Drive,Automatic,Blue/Black,,,,,,,,,,,,,,,,
2020,Honda,CR-V EX-L,24998,69000,27 city/32 hwy,4-cyl,Turbo Gas,All Wheel Drive,Automatic,Black/Gray,,,,,,,,,,,,,,,,
2019,Honda,Civic LX,20998,24000,30 city/38 hwy,4-cyl,Gas,Front Wheel Drive,Automatic,White/Black,,,,,,,,,,,,,,,,
2019,Honda,Civic LX,20998,46000,30 city/38 hwy,4-cyl,Gas,Front Wheel Drive,Automatic,Black/Black,,,,,,,,,,,,,,,,
2020,Honda,Pilot EX-L,22998,109000,18 city/26 hwy,6-cyl,Gas,All Wheel Drive,Automatic,Silver/Gray,,,,,,,,,,,,,,,,
2018,Honda,Accord Touring,18998,128000,29 city/35 hwy,4-cyl,Turbo Gas,Front Wheel Drive,Automatic,Black/Gray,,,,,,,,,,,,,,,,
2018,Honda,Civic LX,16998,126000,31 city/40 hwy,4-cyl,Turbo Gas,Front Wheel Drive,Automatic,Silver/Black,,,,,,,,,,,,,,,,
2022,Honda,CR-V EX,29998,25000,27 city/32 hwy,4-cyl,Turbo Gas,All Wheel Drive,Automatic,White/Tan,,,,,,,,,,,,,,,,
2021,Honda,CR-V EX,27998,24000,27 city/32 hwy,4-cyl,Turbo Gas,All Wheel Drive,Automatic,White/Black,,,,,,,,,,,,,,,,
2018,Honda,Civic LX,19998,40000,31 city/40 hwy,4-cyl,Gas,Front Wheel Drive,Automatic,Gray/Gray,,,,,,,,,,,,,,,,
2017,Honda,Pilot Elite,25998,76000,19 city/26 hwy,6-cyl,Gas,All Wheel Drive,Automatic,White/Black,,,,,,,,,,,,,,,,
2019,Honda,Civic EX,21998,42000,32 city/42 hwy,4-cyl,Turbo Gas,Front Wheel Drive,Automatic,Black/Black,,,,,,,,,,,,,,,,
2019,Honda,CR-V Touring,27998,35000,27 city/33 hwy,4-cyl,Turbo Gas,All Wheel Drive,Automatic,Burgundy/Gray,,,,,,,,,,,,,,,,
2019,Honda,Pilot Elite,32998,51000,19 city/26 hwy,6-cyl,Gas,All Wheel Drive,Automatic,White/Black,,,,,,,,,,,,,,,,
2021,Honda,Civic EX-L,24998,24000,32 city/42 hwy,4-cyl,Turbo Gas,Front Wheel Drive,Automatic,Black/Black,,,,,,,,,,,,,,,,
2015,Honda,Civic EX-L,17998,59000,30 city/39 hwy,4-cyl,Gas,Front Wheel Drive,Automatic,Burgundy/Tan,,,,,,,,,,,,,,,,
2024,Honda,HR-V LX,25998,23000,25 city/30 hwy,4-cyl,Gas,All Wheel Drive,Automatic,Green/Gray,,,,,,,,,,,,,,,,
2013,Honda,CR-V LX,14998,102000,23 city/31 hwy,4-cyl,Gas,Front Wheel Drive,Automatic,White/Gray,,,,,,,,,,,,,,,,
2017,Honda,Accord Sport SE,18998,100000,26 city/34 hwy,4-cyl,Gas,Front Wheel Drive,Automatic,Blue/Black,,,,,,,,,,,,,,,,
2023,Honda,CR-V EX-L,29998,49000,28 city/34 hwy,4-cyl,Turbo Gas,Front Wheel Drive,Automatic,Silver/Black,,,,,,,,,,,,,,,,
2020,Honda,CR-V EX,25998,39000,27 city/32 hwy,4-cyl,Turbo Gas,All Wheel Drive,Automatic,Gray/Gray,,,,,,,,,,,,,,,,
2018,Honda,Accord Sport,20998,99000,29 city/35 hwy,4-cyl,Turbo Gas,Front Wheel Drive,Automatic,White/Black,,,,,,,,,,,,,,,,
2023,Honda,Ridgeline RTL,34998,26000,18 city/24 hwy,6-cyl,Gas,All Wheel Drive,Automatic,Red/Black,5 ft,,,,,,,,,,,,,,,
2019,Honda,Civic Sport,18998,99000,29 city/36 hwy,4-cyl,Gas,Front Wheel Drive,Automatic,White/Black,,,,,,,,,,,,,,,,
2022,Honda,HR-V EX,23998,25000,27 city/29 hwy,4-cyl,Gas,All Wheel Drive,Automatic,Gray/Gray,,,,,,,,,,,,,,,,
2022,Honda,Odyssey Touring,39998,28000,19 city/28 hwy,6-cyl,Gas,Front Wheel Drive,Automatic,Gray/Black,,,,,,,,,,,,,,,,
2023,Honda,HR-V EX-L,28998,23000,26 city/32 hwy,4-cyl,Gas,Front Wheel Drive,Automatic,Blue/Tan,,,,,,,,,,,,,,,,
2022,Honda,CR-V EX-L,29998,32000,27 city/32 hwy,4-cyl,Turbo Gas,All Wheel Drive,Automatic,White/Black,,,,,,,,,,,,,,,,
2019,Honda,CR-V EX,24998,55000,27 city/33 hwy,4-cyl,Turbo Gas,All Wheel Drive,Automatic,Silver/Black,,,,,,,,,,,,,,,,
2022,Honda,CR-V Hybrid EX-L,30998,49000,,4-cyl,Hybrid,All Wheel Drive,Automatic,Gray/Black,,,,,,,,,,,,,,,,
2013,Honda,Civic LX,14599,90000,28 city/39 hwy,4-cyl,Gas,Front Wheel Drive,Automatic,Silver/Gray,,,,,,,,,,,,,,,,
2013,Honda,Civic EX-L,13599,124000,28 city/39 hwy,4-cyl,Gas,Front Wheel Drive,Automatic,Gray/Tan,,,,,,,,,,,,,,,,
2013,Honda,CR-V EX-L,19998,34000,22 city/30 hwy,4-cyl,Gas,All Wheel Drive,Automatic,Brown/Black,,,,,,,,,,,,,,,,
2015,Honda,Civic Hybrid ,14998,116000,44 city/47 hwy,4-cyl,Hybrid,Front Wheel Drive,Automatic,Gray/Gray,,,,,,,,,,,,,,,,
2016,Honda,Civic LX,15998,94000,27 city/40 hwy,4-cyl,Gas,Front Wheel Drive,Manual 6 Speed,Silver/Gray,,,,,,,,,,,,,,,,
2013,Honda,Pilot EX,17998,87000,17 city/24 hwy,6-cyl,Gas,Four Wheel Drive,Automatic,Burgundy/Champagne,,,,,,,,,,,,,,,,
2018,Honda,CR-V EX,21998,61000,27 city/33 hwy,4-cyl,Turbo Gas,All Wheel Drive,Automatic,Silver/Black,,,,,,,,,,,,,,,,
2021,Honda,Civic EX,22998,46000,32 city/42 hwy,4-cyl,Turbo Gas,Front Wheel Drive,Automatic,Blue/Gray,,,,,,,,,,,,,,,,
2019,Honda,CR-V EX,19998,101000,27 city/33 hwy,4-cyl,Turbo Gas,All Wheel Drive,Automatic,Blue/Gray,,,,,,,,,,,,,,,,
2020,Honda,Civic LX,20998,37000,30 city/38 hwy,4-cyl,Gas,Front Wheel Drive,Automatic,Blue/Gray,,,,,,,,,,,,,,,,
2022,Honda,Accord Hybrid Sport,25998,81000,44 city/41 hwy,4-cyl,Hybrid,Front Wheel Drive,Automatic,Black/Black,,,,,,,,,,,,,,,,
2015,Honda,CR-V LX,15998,97000,26 city/33 hwy,4-cyl,Gas,All Wheel Drive,Automatic,Silver/Gray,,,,,,,,,,,,,,,,
2020,Honda,Accord LX,24998,9000,30 city/38 hwy,4-cyl,Turbo Gas,Front Wheel Drive,Automatic,Gray/Black,,,,,,,,,,,,,,,,
2014,Honda,CR-V LX,14998,99000,22 city/30 hwy,4-cyl,Gas,All Wheel Drive,Automatic,Blue/Black,,,,,,,,,,,,,,,,
2015,Honda,Accord Sport,17998,79000,26 city/35 hwy,4-cyl,Gas,Front Wheel Drive,Automatic,Gray/Black,,,,,,,,,,,,,,,,
2020,Honda,Accord LX,24998,22000,30 city/38 hwy,4-cyl,Turbo Gas,Front Wheel Drive,Automatic,Blue/Gray,,,,,,,,,,,,,,,,
2023,Honda,Civic LX,24998,5000,30 city/37 hwy,4-cyl,Gas,Front Wheel Drive,Automatic,Blue/Black,,,,,,,,,,,,,,,,
2024,Honda,Pilot Trailsport,47998,5000,18 city/23 hwy,6-cyl,Gas,All Wheel Drive,Automatic,Gray/Black,,,,,,,,,,,,,,,,
2016,Honda,Civic Touring,17998,113000,31 city/42 hwy,4-cyl,Turbo Gas,Front Wheel Drive,Automatic,Gray/Black,,,,,,,,,,,,,,,,
2022,Honda,CR-V Hybrid EX-L,32998,29000,,4-cyl,Hybrid,All Wheel Drive,Automatic,Gray/Black,,,,,,,,,,,,,,,,
2019,Honda,Civic EX,22998,19000,32 city/42 hwy,4-cyl,Turbo Gas,Front Wheel Drive,Automatic,Silver/Black,,,,,,,,,,,,,,,,
2020,Honda,Accord Sport,25998,33000,29 city/35 hwy,4-cyl,Turbo Gas,Front Wheel Drive,Automatic,Black/Black,,,,,,,,,,,,,,,,
2019,Honda,HR-V LX,23998,4000,27 city/31 hwy,4-cyl,Gas,All Wheel Drive,Automatic,Silver/Gray,,,,,,,,,,,,,,,,
2021,Honda,Odyssey EX-L,32998,57000,19 city/28 hwy,6-cyl,Gas,Front Wheel Drive,Automatic,Black/Black,,,,,,,,,,,,,,,,
2022,Honda,Accord Sport SE,29998,11000,29 city/35 hwy,4-cyl,Turbo Gas,Front Wheel Drive,Automatic,Blue/Black,,,,,,,,,,,,,,,,
2022,Honda,CR-V EX-L,30998,27000,27 city/32 hwy,4-cyl,Turbo Gas,All Wheel Drive,Automatic,White/Tan,,,,,,,,,,,,,,,,
2021,Honda,CR-V EX,29998,22000,27 city/32 hwy,4-cyl,Turbo Gas,All Wheel Drive,Automatic,Black/Black,,,,,,,,,,,,,,,,
2015,Honda,CR-V EX,17998,89000,26 city/33 hwy,4-cyl,Gas,All Wheel Drive,Automatic,Blue/Gray,,,,,,,,,,,,,,,,
2017,Honda,Accord Sport,17998,122000,26 city/34 hwy,4-cyl,Gas,Front Wheel Drive,Automatic,Silver/Black,,,,,,,,,,,,,,,,
2020,Honda,CR-V EX,29998,16000,27 city/32 hwy,4-cyl,Turbo Gas,All Wheel Drive,Automatic,Gray/Gray,,,,,,,,,,,,,,,,
2018,Honda,CR-V EX-L,25998,44000,27 city/33 hwy,4-cyl,Turbo Gas,All Wheel Drive,Automatic,Tan/Tan,,,,,,,,,,,,,,,,
2020,Honda,Civic SI,25998,40000,26 city/36 hwy,4-cyl,Turbo Gas,Front Wheel Drive,Manual 6 Speed,Red/Black,,,,,,,,,,,,,,,,
2017,Honda,Accord Sport,17998,104000,26 city/34 hwy,4-cyl,Gas,Front Wheel Drive,Automatic,Black/Black,,,,,,,,,,,,,,,,
2020,Honda,Civic Sport,21998,69000,25 city/36 hwy,4-cyl,Gas,Front Wheel Drive,Manual 6 Speed,Black/Black,,,,,,,,,,,,,,,,
2019,Honda,CR-V EX-L,23998,65000,27 city/33 hwy,4-cyl,Turbo Gas,All Wheel Drive,Automatic,Gray/Gray,,,,,,,,,,,,,,,,
2017,Honda,Civic EX-T,17998,97000,31 city/40 hwy,4-cyl,Turbo Gas,Front Wheel Drive,Automatic,Black/Tan,,,,,,,,,,,,,,,,
2013,Honda,Civic Hybrid ,13998,106000,44 city/44 hwy,4-cyl,Hybrid,Front Wheel Drive,Automatic,Gray/Taupe,,,,,,,,,,,,,,,,
2017,Honda,Civic EX-L,21998,43000,31 city/40 hwy,4-cyl,Turbo Gas,Front Wheel Drive,Automatic,Black/Tan,,,,,,,,,,,,,,,,
2024,Honda,Prologue Touring,46998,1000,,,,All Wheel Drive,,Black/Black,,Electric,,,,,,,,,,,,,,
2022,Honda,HR-V LX,22998,31000,27 city/31 hwy,4-cyl,Gas,All Wheel Drive,Automatic,White/Gray,,,,,,,,,,,,,,,,
2022,Honda,CR-V Hybrid Touring,37998,10000,,4-cyl,Hybrid,All Wheel Drive,Automatic,Blue/Gray,,,,,,,,,,,,,,,,
2012,Honda,Civic EX,16998,26000,28 city/39 hwy,4-cyl,Gas,Front Wheel Drive,Automatic,Gray/Gray,,,,,,,,,,,,,,,,
2015,Honda,CR-V EX-L,22998,31000,26 city/33 hwy,4-cyl,Gas,All Wheel Drive,Automatic,White/Gray,,,,,,,,,,,,,,,,
2019,Honda,Odyssey LX,28998,38000,19 city/28 hwy,6-cyl,Gas,Front Wheel Drive,Automatic,Gray/Gray,,,,,,,,,,,,,,,,
2016,Honda,Civic EX-T,16998,115000,31 city/42 hwy,4-cyl,Turbo Gas,Front Wheel Drive,Automatic,Black/Black,,,,,,,,,,,,,,,,
2019,Honda,HR-V EX,21998,41000,26 city/31 hwy,4-cyl,Gas,All Wheel Drive,Automatic,White/Gray,,,,,,,,,,,,,,,,
2019,Honda,CR-V EX-L,27998,19000,27 city/33 hwy,4-cyl,Turbo Gas,All Wheel Drive,Automatic,Silver/Black,,,,,,,,,,,,,,,,
2021,Honda,Civic Touring,24998,22000,30 city/38 hwy,4-cyl,Turbo Gas,Front Wheel Drive,Automatic,Blue/Gray,,,,,,,,,,,,,,,,
2021,Honda,Civic Sport,22998,46000,29 city/37 hwy,4-cyl,Gas,Front Wheel Drive,Automatic,Silver/Black,,,,,,,,,,,,,,,,
2020,Honda,Accord Sport,27998,30000,22 city/32 hwy,4-cyl,Turbo Gas,Front Wheel Drive,Automatic,Black/Black,,,,,,,,,,,,,,,,
2015,Honda,Pilot SE,15998,124000,17 city/24 hwy,6-cyl,Gas,Four Wheel Drive,Automatic,White/Gray,,,,,,,,,,,,,,,,
2016,Honda,CR-V EX,16998,103000,25 city/31 hwy,4-cyl,Gas,All Wheel Drive,Automatic,Silver/Black,,,,,,,,,,,,,,,,
2022,Honda,HR-V Sport,23998,21000,28 city/34 hwy,4-cyl,Gas,Front Wheel Drive,Automatic,Blue/Black,,,,,,,,,,,,,,,,
2016,Honda,HR-V EX,17998,75000,27 city/32 hwy,4-cyl,Gas,All Wheel Drive,Automatic,Gray/Black,,,,,,,,,,,,,,,,
2013,Honda,Odyssey EX,16998,94000,18 city/27 hwy,6-cyl,Gas,Front Wheel Drive,Automatic,Gold/Tan,,,,,,,,,,,,,,,,
2015,Honda,Pilot EX-L,16998,123000,18 city/25 hwy,6-cyl,Gas,Front Wheel Drive,Automatic,Gray/Gray,,,,,,,,,,,,,,,,
2014,Honda,Accord EX-L,17998,93000,21 city/34 hwy,6-cyl,Gas,Front Wheel Drive,Automatic,White/Tan,,,,,,,,,,,,,,,,
2014,Honda,Accord EX-L,15998,113000,27 city/36 hwy,,,,Automatic,Red/Tan,,,,,,,,,,,,,,,,
2013,Honda,CR-V LX,15998,89000,23 city/31 hwy,4-cyl,Gas,Front Wheel Drive,Automatic,Blue/Gray,,,,,,,,,,,,,,,,
2017,Honda,CR-V EX,20998,65000,27 city/33 hwy,4-cyl,Turbo Gas,All Wheel Drive,Automatic,Black/Black,,,,,,,,,,,,,,,,
2018,Honda,Odyssey EX,23998,87000,19 city/28 hwy,6-cyl,Gas,Front Wheel Drive,Automatic,Blue/Gray,,,,,,,,,,,,,,,,
2017,Honda,Odyssey Touring Elite,25998,76000,19 city/27 hwy,6-cyl,Gas,Front Wheel Drive,Automatic,Gray/Gray,,,,,,,,,,,,,,,,
2017,Honda,CR-V Touring,22998,47000,28 city/34 hwy,4-cyl,Turbo Gas,Front Wheel Drive,Automatic,Black/Black,,,,,,,,,,,,,,,,
2015,Honda,Odyssey LX,16998,103000,19 city/28 hwy,6-cyl,Gas,Front Wheel Drive,Automatic,Blue/Gray,,,,,,,,,,,,,,,,
2023,Honda,Civic Type R,45998,8000,22 city/28 hwy,4-cyl,Turbo Gas,Front Wheel Drive,Manual 6 Speed,White/Red,,,,,,,,,,,,,,,,
2022,Honda,Civic Sport,24998,27000,29 city/37 hwy,4-cyl,Gas,Front Wheel Drive,Automatic,White/Black,,,,,,,,,,,,,,,,
2020,Honda,Pilot Touring,27998,73000,19 city/26 hwy,6-cyl,Gas,All Wheel Drive,Automatic,White/Black,,,,,,,,,,,,,,,,
2013,Honda,Civic LX,13998,120000,28 city/39 hwy,4-cyl,Gas,Front Wheel Drive,Automatic,White/Tan,,,,,,,,,,,,,,,,
2021,Honda,Odyssey Touring,35998,21000,19 city/28 hwy,6-cyl,Gas,Front Wheel Drive,Automatic,Black/Black,,,,,,,,,,,,,,,,
2014,Honda,CR-V EX,14998,109000,22 city/30 hwy,4-cyl,Gas,All Wheel Drive,Automatic,Black/Black,,,,,,,,,,,,,,,,
2022,Honda,HR-V EX,22998,47000,27 city/29 hwy,4-cyl,Gas,All Wheel Drive,Automatic,Gray/Black,,,,,,,,,,,,,,,,
2020,Honda,CR-V EX,28998,11000,27 city/32 hwy,4-cyl,Turbo Gas,All Wheel Drive,Automatic,Burgundy/Gray,,,,,,,,,,,,,,,,
2018,Honda,HR-V EX,18998,69000,27 city/31 hwy,4-cyl,Gas,All Wheel Drive,Automatic,Gray/Black,,,,,,,,,,,,,,,,
2019,Honda,CR-V EX,24998,38000,28 city/34 hwy,4-cyl,Turbo Gas,Front Wheel Drive,Automatic,Silver/Black,,,,,,,,,,,,,,,,
2022,Honda,CR-V EX,30998,12000,27 city/32 hwy,4-cyl,Turbo Gas,All Wheel Drive,Automatic,White/Black,,,,,,,,,,,,,,,,
2020,Honda,Civic Type-R Touring,39998,30000,22 city/28 hwy,4-cyl,Turbo Gas,Front Wheel Drive,Manual 6 Speed,White/Red,,,,,,,,,,,,,,,,
2022,Honda,Civic Sport,26998,11000,30 city/37 hwy,4-cyl,Gas,Front Wheel Drive,Automatic,Gray/Black,,,,,,,,,,,,,,,,
2022,Honda,Civic Sport,24998,44000,30 city/37 hwy,4-cyl,Gas,Front Wheel Drive,Automatic,White/Black,,,,,,,,,,,,,,,,
2016,Honda,Accord Sport,17998,96000,26 city/35 hwy,4-cyl,Gas,Front Wheel Drive,Automatic,Gray/Black,,,,,,,,,,,,,,,,
2019,Honda,Accord LX,21998,69000,30 city/38 hwy,4-cyl,Turbo Gas,Front Wheel Drive,Automatic,Black/Black,,,,,,,,,,,,,,,,
2015,Honda,Odyssey EX-L,20998,92000,19 city/28 hwy,6-cyl,Gas,Front Wheel Drive,Automatic,Burgundy/Gray,,,,,,,,,,,,,,,,
2018,Honda,Accord EX-L,24998,39000,23 city/34 hwy,4-cyl,Turbo Gas,Front Wheel Drive,Automatic,White/Black,,,,,,,,,,,,,,,,
2021,Honda,Passport EX-L,29998,33000,19 city/24 hwy,6-cyl,Gas,All Wheel Drive,Automatic,Gray/Gray,,,,,,,,,,,,,,,,
2021,Honda,Accord Sport,29998,34000,22 city/32 hwy,4-cyl,Turbo Gas,Front Wheel Drive,Automatic,Red/Black,,,,,,,,,,,,,,,,
2014,Honda,Civic SI,19998,92000,22 city/31 hwy,4-cyl,Gas,Front Wheel Drive,Manual 6 Speed,White/Red,,,,,,,,,,,,,,,,
2018,Honda,Accord Sport,23998,66000,29 city/35 hwy,4-cyl,Turbo Gas,Front Wheel Drive,Automatic,White/Black,,,,,,,,,,,,,,,,
2015,Honda,Fit EX,16998,52000,29 city/37 hwy,4-cyl,Gas,Front Wheel Drive,Manual 6 Speed,Silver/Black,,,,,,,,,,,,,,,,
2020,Honda,CR-V EX-L,28998,35000,27 city/32 hwy,4-cyl,Turbo Gas,All Wheel Drive,Automatic,White/Tan,,,,,,,,,,,,,,,,
2020,Honda,CR-V EX,25998,47000,27 city/32 hwy,4-cyl,Turbo Gas,All Wheel Drive,Automatic,Blue/Black,,,,,,,,,,,,,,,,
2017,Honda,Ridgeline RTL,19998,127000,18 city/25 hwy,6-cyl,Gas,All Wheel Drive,Automatic,Burgundy/Brown,5 ft,,,,,,,,,,,,,,,
2020,Honda,CR-V LX,25998,31000,27 city/32 hwy,4-cyl,Turbo Gas,All Wheel Drive,Automatic,Gray/Black,,,,,,,,,,,,,,,,
2022,Honda,Pilot EX-L,33998,23000,20 city/27 hwy,6-cyl,Gas,Front Wheel Drive,Automatic,White/Black,,,,,,,,,,,,,,,,
2012,Honda,Civic LX,16998,43000,28 city/39 hwy,4-cyl,Gas,Front Wheel Drive,Automatic,Gray/Gray,,,,,,,,,,,,,,,,
2016,Honda,CR-V SE,21998,29000,25 city/31 hwy,4-cyl,Gas,All Wheel Drive,Automatic,Burgundy/Gray,,,,,,,,,,,,,,,,
2023,Honda,Accord EX,27998,22000,29 city/37 hwy,4-cyl,Turbo Gas,Front Wheel Drive,Automatic,White/Tan,,,,,,,,,,,,,,,,
2022,Honda,Pilot Touring,36998,24000,20 city/27 hwy,6-cyl,Gas,Front Wheel Drive,Automatic,White/Black,,,,,,,,,,,,,,,,
2017,Honda,Pilot Touring,25998,76000,19 city/26 hwy,6-cyl,Gas,All Wheel Drive,Automatic,Burgundy/Tan,,,,,,,,,,,,,,,,
2019,Honda,Passport Touring,27998,41000,19 city/24 hwy,6-cyl,Gas,All Wheel Drive,Automatic,Gray/Black,,,,,,,,,,,,,,,,
2018,Honda,CR-V EX-L,20998,82000,27 city/33 hwy,4-cyl,Turbo Gas,All Wheel Drive,Automatic,Silver/Black,,,,,,,,,,,,,,,,
2019,Honda,Odyssey Elite,34998,49000,19 city/28 hwy,6-cyl,Gas,Front Wheel Drive,Automatic,Black/Black,,,,,,,,,,,,,,,,
2017,Honda,Accord Touring,19998,105000,21 city/32 hwy,6-cyl,Gas,Front Wheel Drive,Automatic,Black/Black,,,,,,,,,,,,,,,,
2022,Honda,Ridgeline Black Edition,36998,17000,18 city/24 hwy,6-cyl,Gas,All Wheel Drive,Automatic,Black/Black,5 ft,,,,,,,,,,,,,,,
2019,Honda,Civic Sport,22998,26000,29 city/36 hwy,4-cyl,Gas,Front Wheel Drive,Automatic,White/Black,,,,,,,,,,,,,,,,
2020,Honda,Civic Sport,21998,60000,29 city/37 hwy,4-cyl,Gas,Front Wheel Drive,Automatic,Black/Black,,,,,,,,,,,,,,,,
2018,Honda,Accord LX,22998,53000,30 city/38 hwy,4-cyl,Turbo Gas,Front Wheel Drive,Automatic,White/Tan,,,,,,,,,,,,,,,,
2022,Honda,Accord Sport,30998,5000,29 city/35 hwy,4-cyl,Turbo Gas,Front Wheel Drive,Automatic,Black/Black,,,,,,,,,,,,,,,,
2021,Honda,Passport Touring,32998,26000,19 city/24 hwy,6-cyl,Gas,All Wheel Drive,Automatic,Blue/Gray,,,,,,,,,,,,,,,,
2018,Honda,Civic EX-L,20998,66000,32 city/42 hwy,4-cyl,Turbo Gas,Front Wheel Drive,Automatic,Red/Black,,,,,,,,,,,,,,,,
2019,Honda,Civic EX,21998,52000,32 city/42 hwy,4-cyl,Turbo Gas,Front Wheel Drive,Automatic,White/Black,,,,,,,,,,,,,,,,
2020,Honda,CR-V EX-L,28998,23000,27 city/32 hwy,4-cyl,Turbo Gas,All Wheel Drive,Automatic,Blue/Black,,,,,,,,,,,,,,,,
2013,Honda,CR-V EX-L,13998,128000,22 city/30 hwy,4-cyl,Gas,All Wheel Drive,Automatic,Gray/Gray,,,,,,,,,,,,,,,,
2014,Honda,Accord LX,16998,74000,27 city/36 hwy,4-cyl,Gas,Front Wheel Drive,Automatic,Black/Black,,,,,,,,,,,,,,,,
2020,Honda,Civic EX,23998,41000,31 city/40 hwy,4-cyl,Turbo Gas,Front Wheel Drive,Automatic,Black/Black,,,,,,,,,,,,,,,,
2018,Honda,Civic EX-T,20998,31000,32 city/42 hwy,4-cyl,Turbo Gas,Front Wheel Drive,Automatic,Blue/Black,,,,,,,,,,,,,,,,
2021,Honda,Odyssey Touring,38998,26000,19 city/28 hwy,6-cyl,Gas,Front Wheel Drive,Automatic,Gray/Black,,,,,,,,,,,,,,,,
2021,Honda,CR-V Special Edition,27998,24000,27 city/32 hwy,4-cyl,Turbo Gas,All Wheel Drive,Automatic,Red/Black,,,,,,,,,,,,,,,,
2021,Honda,HR-V EX,19998,72000,26 city/31 hwy,4-cyl,Gas,All Wheel Drive,Automatic,Blue/Black,,,,,,,,,,,,,,,,
2021,Honda,Civic Type-R Touring,39998,22000,22 city/28 hwy,4-cyl,Turbo Gas,Front Wheel Drive,Manual 6 Speed,Gray/Red,,,,,,,,,,,,,,,,
2017,Honda,CR-V EX,18998,102000,28 city/34 hwy,4-cyl,Turbo Gas,Front Wheel Drive,Automatic,Black/Tan,,,,,,,,,,,,,,,,
2015,Honda,Accord LX,14998,128000,27 city/36 hwy,4-cyl,Gas,Front Wheel Drive,Automatic,Gold/Tan,,,,,,,,,,,,,,,,
2021,Honda,Pilot EX-L,25998,85000,20 city/27 hwy,6-cyl,Gas,Front Wheel Drive,Automatic,Pearl/Tan,,,,,,,,,,,,,,,,
2017,Honda,HR-V EX,19998,56000,27 city/31 hwy,4-cyl,Gas,All Wheel Drive,Automatic,Blue/Gray,,,,,,,,,,,,,,,,
2021,Honda,Passport EX-L,27998,47000,19 city/24 hwy,6-cyl,Gas,All Wheel Drive,Automatic,Gray/Black,,,,,,,,,,,,,,,,
2020,Honda,CR-V LX,26998,19000,27 city/32 hwy,4-cyl,Turbo Gas,All Wheel Drive,Automatic,Blue/Gray,,,,,,,,,,,,,,,,
2020,Honda,Accord LX,21998,69000,30 city/38 hwy,4-cyl,Turbo Gas,Front Wheel Drive,Automatic,Black/Black,,,,,,,,,,,,,,,,
2016,Honda,Accord LX,19998,57000,27 city/37 hwy,4-cyl,Gas,Front Wheel Drive,Automatic,Silver/Gray,,,,,,,,,,,,,,,,
2022,Honda,Pilot Special Edition,33998,35000,19 city/26 hwy,6-cyl,Gas,All Wheel Drive,Automatic,Gray/Black,,,,,,,,,,,,,,,,
2018,Honda,Accord EX-L,25998,34000,23 city/34 hwy,4-cyl,Turbo Gas,Front Wheel Drive,Automatic,Gray/Black,,,,,,,,,,,,,,,,
2017,Honda,Fit LX,17998,54000,33 city/40 hwy,4-cyl,Gas,Front Wheel Drive,Automatic,Silver/Black,,,,,,,,,,,,,,,,
2020,Honda,Odyssey EX,30998,39000,19 city/28 hwy,6-cyl,Gas,Front Wheel Drive,Automatic,Silver/Gray,,,,,,,,,,,,,,,,
2021,Honda,Pilot Elite,38998,15000,19 city/26 hwy,6-cyl,Gas,All Wheel Drive,Automatic,Gray/Black,,,,,,,,,,,,,,,,
2014,Honda,CR-V EX-L,17998,73000,22 city/30 hwy,4-cyl,Gas,All Wheel Drive,Automatic,Burgundy/Gray,,,,,,,,,,,,,,,,
2019,Honda,Civic LX,20998,53000,30 city/38 hwy,4-cyl,Gas,Front Wheel Drive,Automatic,Silver/Black,,,,,,,,,,,,,,,,
2019,Honda,HR-V LX,21998,17000,27 city/31 hwy,4-cyl,Gas,All Wheel Drive,Automatic,Gray/Gray,,,,,,,,,,,,,,,,
2017,Honda,Accord Hybrid EX-L,21998,68000,49 city/47 hwy,4-cyl,Hybrid,Front Wheel Drive,Automatic,Black/Champagne,,,,,,,,,,,,,,,,
2015,Honda,Civic LX,14998,90000,30 city/39 hwy,4-cyl,Gas,Front Wheel Drive,Automatic,White/Tan,,,,,,,,,,,,,,,,
2020,Honda,CR-V EX,25998,30000,27 city/32 hwy,4-cyl,Turbo Gas,All Wheel Drive,Automatic,White/Black,,,,,,,,,,,,,,,,
2023,Honda,Civic Type R,44998,14000,22 city/28 hwy,4-cyl,Turbo Gas,Front Wheel Drive,Manual 6 Speed,White/Red,,,,,,,,,,,,,,,,
2014,Honda,CR-V LX,14998,94000,22 city/30 hwy,4-cyl,Gas,All Wheel Drive,Automatic,Black/Black,,,,,,,,,,,,,,,,
2016,Honda,Pilot Elite,21998,100000,19 city/26 hwy,6-cyl,Gas,All Wheel Drive,Automatic,Gray/Black,,,,,,,,,,,,,,,,
2015,Honda,Odyssey EX-L,19998,94000,19 city/28 hwy,6-cyl,Gas,Front Wheel Drive,Automatic,Gray/Gray,,,,,,,,,,,,,,,,
2013,Honda,CR-V EX-L,14998,123000,22 city/30 hwy,4-cyl,Gas,All Wheel Drive,Automatic,Blue/Gray,,,,,,,,,,,,,,,,
2014,Honda,CR-V LX,18998,42000,22 city/30 hwy,4-cyl,Gas,All Wheel Drive,Automatic,White/Gray,,,,,,,,,,,,,,,,
2019,Honda,CR-V EX,25998,48000,27 city/33 hwy,4-cyl,Turbo Gas,All Wheel Drive,Automatic,Gray/Gray,,,,,,,,,,,,,,,,
2018,Honda,CR-V LX,23998,24000,25 city/31 hwy,4-cyl,Gas,All Wheel Drive,Automatic,Burgundy/Black,,,,,,,,,,,,,,,,
2021,Honda,Passport Sport,26998,33000,19 city/24 hwy,6-cyl,Gas,All Wheel Drive,Automatic,Gray/Black,,,,,,,,,,,,,,,,
2023,Honda,CR-V Hybrid Sport Touring,36998,21000,40 city/34 hwy,4-cyl,Hybrid,All Wheel Drive,Automatic,Gray/Black,,,,,,,,,,,,,,,,
2024,Honda,HR-V LX,27998,7000,25 city/30 hwy,4-cyl,Gas,All Wheel Drive,Automatic,Silver/Gray,,,,,,,,,,,,,,,,
2021,Honda,CR-V EX-L,29998,25000,27 city/32 hwy,4-cyl,Turbo Gas,All Wheel Drive,Automatic,Black/Black,,,,,,,,,,,,,,,,
2020,Honda,CR-V EX-L,25998,57000,27 city/32 hwy,4-cyl,Turbo Gas,All Wheel Drive,Automatic,White/Tan,,,,,,,,,,,,,,,,
2015,Honda,Accord LX,15998,95000,24 city/34 hwy,4-cyl,Gas,Front Wheel Drive,Manual 6 Speed,Silver/Black,,,,,,,,,,,,,,,,
2019,Honda,Odyssey Elite,30998,68000,19 city/28 hwy,6-cyl,Gas,Front Wheel Drive,Automatic,Gray/Gray,,,,,,,,,,,,,,,,
2016,Honda,Civic EX-T,18998,93000,31 city/42 hwy,4-cyl,Turbo Gas,Front Wheel Drive,Automatic,Black/Black,,,,,,,,,,,,,,,,
2018,Honda,Civic EX-T,19998,59000,32 city/42 hwy,4-cyl,Turbo Gas,Front Wheel Drive,Automatic,Black/Gray,,,,,,,,,,,,,,,,
2018,Honda,Civic LX,17998,64000,31 city/40 hwy,4-cyl,Gas,Front Wheel Drive,Automatic,Gray/Gray,,,,,,,,,,,,,,,,
2020,Honda,HR-V LX,20998,38000,27 city/31 hwy,4-cyl,Gas,All Wheel Drive,Automatic,White/Gray,,,,,,,,,,,,,,,,
2020,Honda,Civic SI,23998,79000,26 city/36 hwy,4-cyl,Turbo Gas,Front Wheel Drive,Manual 6 Speed,Black/Black,,,,,,,,,,,,,,,,
2022,Honda,HR-V LX,21998,35000,28 city/34 hwy,4-cyl,Gas,Front Wheel Drive,Automatic,Gray/Black,,,,,,,,,,,,,,,,
2022,Honda,CR-V EX,27998,43000,27 city/32 hwy,4-cyl,Turbo Gas,All Wheel Drive,Automatic,Silver/Gray,,,,,,,,,,,,,,,,
2021,Honda,Civic Sport,24998,19000,29 city/37 hwy,4-cyl,Gas,Front Wheel Drive,Automatic,Black/Black,,,,,,,,,,,,,,,,
2019,Honda,CR-V EX-L,25998,43000,28 city/34 hwy,4-cyl,Turbo Gas,Front Wheel Drive,Automatic,Gray/Gray,,,,,,,,,,,,,,,,
2023,Honda,Odyssey Touring,43998,14000,19 city/28 hwy,6-cyl,Gas,Front Wheel Drive,Automatic,Blue/Black,,,,,,,,,,,,,,,,
2021,Honda,Civic EX,23998,44000,31 city/40 hwy,4-cyl,Turbo Gas,Front Wheel Drive,Automatic,Gray/Black,,,,,,,,,,,,,,,,
2019,Honda,Civic EX,21998,52000,32 city/42 hwy,4-cyl,Turbo Gas,Front Wheel Drive,Automatic,Gray/Gray,,,,,,,,,,,,,,,,
2016,Honda,Pilot EX-L,20998,95000,18 city/26 hwy,6-cyl,Gas,All Wheel Drive,Automatic,Black/Black,,,,,,,,,,,,,,,,
2015,Honda,Accord EX-L,18998,62000,27 city/36 hwy,4-cyl,Gas,Front Wheel Drive,Automatic,Burgundy/Tan,,,,,,,,,,,,,,,,
2016,Honda,CR-V EX,23998,13000,26 city/33 hwy,4-cyl,Gas,Front Wheel Drive,Automatic,Gray/Tan,,,,,,,,,,,,,,,,
2020,Honda,Civic LX,21998,13000,30 city/38 hwy,4-cyl,Gas,Front Wheel Drive,Automatic,Silver/Gray,,,,,,,,,,,,,,,,
2020,Honda,Accord Touring,26998,56000,22 city/32 hwy,4-cyl,Turbo Gas,Front Wheel Drive,Automatic,Gray/Black,,,,,,,,,,,,,,,,
2020,Honda,CR-V EX,25998,56000,27 city/32 hwy,4-cyl,Turbo Gas,All Wheel Drive,Automatic,Gray/Black,,,,,,,,,,,,,,,,
2016,Honda,Odyssey EX-L,18998,117000,19 city/28 hwy,6-cyl,Gas,Front Wheel Drive,Automatic,Black/Gray,,,,,,,,,,,,,,,,
2018,Honda,Accord LX,21998,32000,30 city/38 hwy,4-cyl,Turbo Gas,Front Wheel Drive,Automatic,Red/Tan,,,,,,,,,,,,,,,,
2023,Honda,CR-V EX-L,32998,25000,27 city/32 hwy,4-cyl,Turbo Gas,All Wheel Drive,Automatic,Gray/Tan,,,,,,,,,,,,,,,,
2024,Honda,CR-V Hybrid Sport-L,38998,10000,40 city/34 hwy,4-cyl,Hybrid,All Wheel Drive,Automatic,Gray/Black,,,,,,,,,,,,,,,,
2024,Honda,Civic Type R,48998,3000,22 city/28 hwy,4-cyl,Turbo Gas,Front Wheel Drive,Manual 6 Speed,White/Red,,,,,,,,,,,,,,,,
2022,Honda,HR-V EX,24998,21000,27 city/29 hwy,4-cyl,Gas,All Wheel Drive,Automatic,Blue/Black,,,,,,,,,,,,,,,,
2023,Honda,Civic EX-L,24998,45000,31 city/39 hwy,4-cyl,Turbo Gas,Front Wheel Drive,Automatic,Silver/Gray,,,,,,,,,,,,,,,,
2021,Honda,Accord Sport SE,26998,37000,29 city/35 hwy,4-cyl,Turbo Gas,Front Wheel Drive,Automatic,Silver/Black,,,,,,,,,,,,,,,,
2017,Honda,Pilot Touring,20998,120000,19 city/26 hwy,6-cyl,Gas,All Wheel Drive,Automatic,Gray/Gray,,,,,,,,,,,,,,,,
2016,Honda,Odyssey SE,17998,108000,19 city/28 hwy,6-cyl,Gas,Front Wheel Drive,Automatic,Gray/Gray,,,,,,,,,,,,,,,,
2022,Honda,Accord Sport,26998,39000,29 city/35 hwy,4-cyl,Turbo Gas,Front Wheel Drive,Automatic,Blue/Gray,,,,,,,,,,,,,,,,
2019,Honda,CR-V EX,24998,45000,28 city/34 hwy,4-cyl,Turbo Gas,Front Wheel Drive,Automatic,Gray/Gray,,,,,,,,,,,,,,,,
2022,Honda,Ridgeline RTL-E,38998,10000,18 city/24 hwy,6-cyl,Gas,All Wheel Drive,Automatic,Blue/Gray,5 ft,,,,,,,,,,,,,,,
2023,Honda,CR-V Hybrid Sport,35998,10000,43 city/36 hwy,4-cyl,Hybrid,Front Wheel Drive,Automatic,White/Black,,,,,,,,,,,,,,,,
2018,Honda,Odyssey EX-L,29998,39000,19 city/28 hwy,6-cyl,Gas,Front Wheel Drive,Automatic,Blue/Gray,,,,,,,,,,,,,,,,
2020,Honda,Accord EX-L,27998,23000,30 city/38 hwy,4-cyl,Turbo Gas,Front Wheel Drive,Automatic,Silver/Black,,,,,,,,,,,,,,,,
2021,Honda,Pilot Special Edition,32998,31000,19 city/26 hwy,6-cyl,Gas,All Wheel Drive,Automatic,Black/Black,,,,,,,,,,,,,,,,
2021,Honda,Civic Sport,23998,22000,29 city/37 hwy,4-cyl,Gas,Front Wheel Drive,Automatic,White/Black,,,,,,,,,,,,,,,,
2019,Honda,Civic EX,23998,37000,31 city/40 hwy,4-cyl,Turbo Gas,Front Wheel Drive,Automatic,Silver/Black,,,,,,,,,,,,,,,,
2015,Honda,CR-V LX,18998,51000,26 city/33 hwy,4-cyl,Gas,All Wheel Drive,Automatic,Brown/Black,,,,,,,,,,,,,,,,
2022,Honda,CR-V EX-L,28998,32000,28 city/34 hwy,4-cyl,Turbo Gas,Front Wheel Drive,Automatic,Black/Black,,,,,,,,,,,,,,,,
2024,Honda,Prologue Touring,42998,1000,,,,All Wheel Drive,,Gray/Black,,Electric,,,,,,,,,,,,,,
2017,Honda,HR-V EX,16998,102000,27 city/31 hwy,4-cyl,Gas,All Wheel Drive,Automatic,Silver/Gray,,,,,,,,,,,,,,,,
2020,Honda,Civic EX,24998,21000,32 city/42 hwy,4-cyl,Turbo Gas,Front Wheel Drive,Automatic,White/Black,,,,,,,,,,,,,,,,
2018,Honda,Civic LX,18998,57000,28 city/40 hwy,4-cyl,Gas,Front Wheel Drive,Manual 6 Speed,Black/Black,,,,,,,,,,,,,,,,
2018,Honda,Accord Sport,22998,77000,29 city/35 hwy,4-cyl,Turbo Gas,Front Wheel Drive,Automatic,Red/Black,,,,,,,,,,,,,,,,
2021,Honda,Civic LX,21998,36000,30 city/38 hwy,4-cyl,Gas,Front Wheel Drive,Automatic,Silver/Black,,,,,,,,,,,,,,,,
2019,Honda,Accord Hybrid EX,26998,19000,48 city/48 hwy,4-cyl,Hybrid,Front Wheel Drive,Automatic,Red/Tan,,,,,,,,,,,,,,,,
2020,Honda,CR-V EX,25998,47000,28 city/34 hwy,4-cyl,Turbo Gas,Front Wheel Drive,Automatic,White/Red,,,,,,,,,,,,,,,,
2019,Honda,Civic EX,21998,59000,31 city/40 hwy,4-cyl,Turbo Gas,Front Wheel Drive,Automatic,Red/Black,,,,,,,,,,,,,,,,
2024,Honda,Prologue Touring,42998,1000,,,,All Wheel Drive,,Silver/Gray,,Electric,,,,,,,,,,,,,,
2015,Honda,Civic SE,15998,80000,30 city/39 hwy,4-cyl,Gas,Front Wheel Drive,Automatic,Silver/Black,,,,,,,,,,,,,,,,
2023,Honda,Accord EX,28998,2000,29 city/37 hwy,4-cyl,Turbo Gas,Front Wheel Drive,Automatic,Gray/Gray,,,,,,,,,,,,,,,,
2014,Honda,Pilot EX-L,18998,86000,18 city/25 hwy,6-cyl,Gas,Front Wheel Drive,Automatic,Blue/Gray,,,,,,,,,,,,,,,,
2021,Honda,HR-V EX,22998,38000,26 city/31 hwy,4-cyl,Gas,All Wheel Drive,Automatic,Black/Black,,,,,,,,,,,,,,,,
2022,Honda,Accord Sport,29998,12000,29 city/35 hwy,4-cyl,Turbo Gas,Front Wheel Drive,Automatic,Black/Black,,,,,,,,,,,,,,,,
2021,Honda,CR-V EX-L,30998,22000,27 city/32 hwy,4-cyl,Turbo Gas,All Wheel Drive,Automatic,Gray/Black,,,,,,,,,,,,,,,,
2022,Honda,Civic EX,25998,24000,33 city/42 hwy,4-cyl,Turbo Gas,Front Wheel Drive,Automatic,Blue/Black,,,,,,,,,,,,,,,,
2023,Honda,Ridgeline Sport,32998,22000,18 city/24 hwy,6-cyl,Gas,All Wheel Drive,Automatic,Silver/Black,5 ft,,,,,,,,,,,,,,,
2024,Honda,Civic SI,32998,3000,27 city/37 hwy,4-cyl,Turbo Gas,Front Wheel Drive,Manual 6 Speed,Black/Red,,,,,,,,,,,,,,,,
2022,Honda,CR-V EX,30998,19000,27 city/32 hwy,4-cyl,Turbo Gas,All Wheel Drive,Automatic,Black/Gray,,,,,,,,,,,,,,,,
2022,Honda,Accord Sport SE,23998,95000,29 city/35 hwy,4-cyl,Turbo Gas,Front Wheel Drive,Automatic,Gray/Black,,,,,,,,,,,,,,,,
2021,Honda,Pilot EX-L,29998,45000,19 city/26 hwy,6-cyl,Gas,All Wheel Drive,Automatic,Gray/Black,,,,,,,,,,,,,,,,
2012,Honda,Accord LX,12998,111000,23 city/34 hwy,4-cyl,Gas,Front Wheel Drive,Automatic,Silver/Gray,,,,,,,,,,,,,,,,
2021,Honda,Odyssey Touring,35998,36000,19 city/28 hwy,6-cyl,Gas,Front Wheel Drive,Automatic,Silver/Gray,,,,,,,,,,,,,,,,
2021,Honda,Pilot Special Edition,30998,59000,19 city/26 hwy,6-cyl,Gas,All Wheel Drive,Automatic,Blue/Tan,,,,,,,,,,,,,,,,
2013,Honda,Pilot EX-L,16998,110000,17 city/24 hwy,6-cyl,Gas,Four Wheel Drive,Automatic,Silver/Black,,,,,,,,,,,,,,,,
2016,Honda,Civic LX,17998,79000,31 city/41 hwy,4-cyl,Gas,Front Wheel Drive,Automatic,Silver/Black,,,,,,,,,,,,,,,,
2022,Honda,CR-V EX,28998,34000,27 city/32 hwy,4-cyl,Turbo Gas,All Wheel Drive,Automatic,Gray/Black,,,,,,,,,,,,,,,,
2020,Honda,CR-V EX,23998,54000,28 city/34 hwy,4-cyl,Turbo Gas,Front Wheel Drive,Automatic,Black/Gray,,,,,,,,,,,,,,,,
2022,Honda,Civic Touring,26998,27000,31 city/38 hwy,4-cyl,Turbo Gas,Front Wheel Drive,Automatic,White/Tan,,,,,,,,,,,,,,,,
2021,Honda,Accord Sport,28998,32000,22 city/32 hwy,4-cyl,Turbo Gas,Front Wheel Drive,Automatic,White/Black,,,,,,,,,,,,,,,,
2019,Honda,CR-V EX,25998,44000,27 city/33 hwy,4-cyl,Turbo Gas,All Wheel Drive,Automatic,White/Tan,,,,,,,,,,,,,,,,
2015,Honda,CR-V EX,16998,111000,26 city/33 hwy,4-cyl,Gas,All Wheel Drive,Automatic,Blue/Gray,,,,,,,,,,,,,,,,
2022,Honda,CR-V Touring,29998,49000,27 city/32 hwy,4-cyl,Turbo Gas,All Wheel Drive,Automatic,White/Gray,,,,,,,,,,,,,,,,
2018,Honda,Pilot LX,22998,46000,18 city/26 hwy,6-cyl,Gas,All Wheel Drive,Automatic,Silver/Gray,,,,,,,,,,,,,,,,
2021,Honda,CR-V EX,26998,51000,27 city/32 hwy,4-cyl,Turbo Gas,All Wheel Drive,Automatic,Blue/Black,,,,,,,,,,,,,,,,
2024,Honda,Civic Sport Touring,30998,1000,30 city/37 hwy,4-cyl,Turbo Gas,Front Wheel Drive,Automatic,Blue/Black,,,,,,,,,,,,,,,,
2013,Honda,Pilot EX-L,16998,104000,17 city/24 hwy,6-cyl,Gas,Four Wheel Drive,Automatic,Silver/Black,,,,,,,,,,,,,,,,
2021,Honda,Accord Sport,25998,57000,29 city/35 hwy,4-cyl,Turbo Gas,Front Wheel Drive,Automatic,Black/Black,,,,,,,,,,,,,,,,
2016,Honda,Odyssey LX,16998,113000,19 city/28 hwy,6-cyl,Gas,Front Wheel Drive,Automatic,Blue/Gray,,,,,,,,,,,,,,,,
2021,Honda,CR-V EX-L,28998,50000,27 city/32 hwy,4-cyl,Turbo Gas,All Wheel Drive,Automatic,Blue/Black,,,Single Owner,,,None,,,Optional MaxCare® plan,,,,,,,Cosmetic photos availableNot yet available on all cars
2021,Honda,Ridgeline Sport,28998,54000,18 city/24 hwy,,,,Automatic,White/Black,5 ft,,Single Owner,,,None,,,Optional MaxCare® plan,,,,,,,Cosmetic photos availableNot yet available on all cars
2016,Honda,Odyssey EX-L,19998,104000,19 city/28 hwy,6-cyl,Gas,Front Wheel Drive,Automatic,Black/Tan,,,,,,,,,,,,,,,,
2023,Honda,Odyssey Sport,39998,18000,19 city/28 hwy,6-cyl,Gas,Front Wheel Drive,Automatic,Red/Black,,,,,,,,,,,,,,,,
2016,Honda,Accord EX-L,18998,99000,21 city/34 hwy,6-cyl,Gas,Front Wheel Drive,Automatic,Black/Black,,,,,,,,,,,,,,,,
2015,Honda,Accord LX,16998,83000,27 city/36 hwy,4-cyl,Gas,Front Wheel Drive,Automatic,Blue/Gray,,,,,,,,,,,,,,,,
2021,Honda,CR-V EX-L,29998,39000,27 city/32 hwy,4-cyl,Turbo Gas,All Wheel Drive,Automatic,White/Black,,,,,,,,,,,,,,,,
2013,Honda,CR-V EX-L,18998,75000,22 city/30 hwy,4-cyl,Gas,All Wheel Drive,Automatic,White/Tan,,,,,,,,,,,,,,,,
2021,Honda,Accord LX,25998,12000,30 city/38 hwy,4-cyl,Turbo Gas,Front Wheel Drive,Automatic,Gray/Black,,,,,,,,,,,,,,,,
2023,Honda,CR-V Hybrid Sport Touring,39998,5000,40 city/34 hwy,4-cyl,Hybrid,All Wheel Drive,Automatic,Gray/Black,,,,,,,,,,,,,,,,
2020,Honda,Accord LX,23998,45000,30 city/38 hwy,4-cyl,Turbo Gas,Front Wheel Drive,Automatic,Silver/Black,,,,,,,,,,,,,,,,
2021,Honda,CR-V EX,28998,29000,27 city/32 hwy,4-cyl,Turbo Gas,All Wheel Drive,Automatic,Gray/Black,,,,,,,,,,,,,,,,
2015,Honda,Civic EX,17998,63000,29 city/38 hwy,4-cyl,Gas,Front Wheel Drive,Automatic,Red/Gray,,,,,,,,,,,,,,,,
2017,Honda,CR-V EX-L,22998,71000,27 city/33 hwy,4-cyl,Turbo Gas,All Wheel Drive,Automatic,Black/Black,,,,,,,,,,,,,,,,
2021,Honda,Pilot Black Edition,34998,48000,19 city/26 hwy,6-cyl,Gas,All Wheel Drive,Automatic,Black/Black,,,,,,,,,,,,,,,,
2019,Honda,HR-V Sport,20998,57000,26 city/31 hwy,4-cyl,Gas,All Wheel Drive,Automatic,Black/Black,,,,,,,,,,,,,,,,
2022,Honda,Pilot Special Edition,35998,29000,19 city/26 hwy,6-cyl,Gas,All Wheel Drive,Automatic,Gray/Black,,,,,,,,,,,,,,,,
2019,Honda,Accord LX,20998,50000,30 city/38 hwy,4-cyl,Turbo Gas,Front Wheel Drive,Automatic,Gray/Gray,,,,,,,,,,,,,,,,
2020,Honda,CR-V EX-L,27998,45000,27 city/32 hwy,4-cyl,Turbo Gas,All Wheel Drive,Automatic,Gray/Black,,,,,,,,,,,,,,,,
2020,Honda,CR-V Touring,29998,34000,27 city/32 hwy,4-cyl,Turbo Gas,All Wheel Drive,Automatic,Black/Gray,,,,,,,,,,,,,,,,
2021,Honda,Pilot Special Edition,30998,35000,20 city/27 hwy,6-cyl,Gas,Front Wheel Drive,Automatic,Black/Black,,,,,,,,,,,,,,,,
2018,Honda,HR-V LX,15998,119000,27 city/31 hwy,4-cyl,Gas,All Wheel Drive,Automatic,Gray/Black,,,,,,,,,,,,,,,,
2021,Honda,Accord Sport,27998,22000,29 city/35 hwy,4-cyl,Turbo Gas,Front Wheel Drive,Automatic,Black/Black,,,,,,,,,,,,,,,,
2018,Honda,Civic EX,17998,127000,31 city/40 hwy,4-cyl,Turbo Gas,Front Wheel Drive,Automatic,Black/Black,,,,,,,,,,,,,,,,
2020,Honda,Civic Sport,22998,60000,29 city/37 hwy,4-cyl,Gas,Front Wheel Drive,Automatic,Black/Black,,,,,,,,,,,,,,,,
2019,Honda,Accord LX,21998,46000,30 city/38 hwy,4-cyl,Turbo Gas,Front Wheel Drive,Automatic,Black/Black,,,,,,,,,,,,,,,,
2023,Honda,Ridgeline Black Edition,38998,15000,18 city/24 hwy,6-cyl,Gas,All Wheel Drive,Automatic,Gray/Black,5 ft,,,,,,,,,,,,,,,
2020,Honda,CR-V EX-L,28998,30000,27 city/32 hwy,4-cyl,Turbo Gas,All Wheel Drive,Automatic,White/Gray,,,,,,,,,,,,,,,,
2022,Honda,Civic SI,29998,29000,27 city/37 hwy,4-cyl,Turbo Gas,Front Wheel Drive,Manual 6 Speed,Red/Red,,,,,,,,,,,,,,,,
2017,Honda,Fit LX,14599,106000,29 city/36 hwy,4-cyl,Gas,Front Wheel Drive,Manual 6 Speed,Gray/Black,,,,,,,,,,,,,,,,
2019,Honda,Pilot EX-L,28998,50000,18 city/26 hwy,6-cyl,Gas,All Wheel Drive,Automatic,Black/Black,,,,,,,,,,,,,,,,
2021,Honda,CR-V EX-L,30998,22000,27 city/32 hwy,4-cyl,Turbo Gas,All Wheel Drive,Automatic,Gray/Gray,,,,,,,,,,,,,,,,
2022,Honda,Accord Hybrid EX-L,31998,12000,48 city/48 hwy,4-cyl,Hybrid,Front Wheel Drive,Automatic,Red/Gray,,,,,,,,,,,,,,,,
2020,Honda,Insight Touring,22998,59000,51 city/45 hwy,4-cyl,Hybrid,Front Wheel Drive,Automatic,Gray/Gray,,,,,,,,,,,,,,,,
2022,Honda,HR-V Sport,23998,36000,27 city/29 hwy,4-cyl,Gas,All Wheel Drive,Automatic,Blue/Black,,,,,,,,,,,,,,,,
2017,Honda,Civic EX,19998,56000,31 city/40 hwy,4-cyl,Gas,Front Wheel Drive,Automatic,Silver/Black,,,,,,,,,,,,,,,,
2016,Honda,Odyssey EX-L,21998,81000,19 city/28 hwy,6-cyl,Gas,Front Wheel Drive,Automatic,Black/Gray,,,,,,,,,,,,,,,,
2022,Honda,Accord Sport,26998,47000,29 city/35 hwy,4-cyl,Turbo Gas,Front Wheel Drive,Automatic,Gray/Black,,,,,,,,,,,,,,,,
2022,Honda,HR-V LX,23998,14000,28 city/34 hwy,4-cyl,Gas,Front Wheel Drive,Automatic,Black/Black,,,,,,,,,,,,,,,,
2024,Honda,CR-V Hybrid Sport,36998,9000,40 city/34 hwy,4-cyl,Hybrid,All Wheel Drive,Automatic,Red/Black,,,,,,,,,,,,,,,,
2020,Honda,Accord Sport,24998,36000,29 city/35 hwy,4-cyl,Turbo Gas,Front Wheel Drive,Automatic,Red/Black,,,,,,,,,,,,,,,,
2018,Honda,Civic LX,16998,110000,31 city/40 hwy,4-cyl,Gas,Front Wheel Drive,Automatic,Gray/Gray,,,,,,,,,,,,,,,,
2015,Honda,Odyssey EX-L,17998,118000,19 city/28 hwy,6-cyl,Gas,Front Wheel Drive,Automatic,Black/Gray,,,,,,,,,,,,,,,,
2017,Honda,Accord LX,15998,126000,27 city/36 hwy,4-cyl,Gas,Front Wheel Drive,Automatic,Red/Tan,,,,,,,,,,,,,,,,
2021,Honda,CR-V EX-L,29998,25000,27 city/32 hwy,4-cyl,Turbo Gas,All Wheel Drive,Automatic,Gray/Gray,,,,,,,,,,,,,,,,
2014,Honda,Odyssey EX-L,17998,116000,19 city/28 hwy,6-cyl,Gas,Front Wheel Drive,Automatic,Gray/Gray,,,,,,,,,,,,,,,,
2022,Honda,Civic Touring,25998,38000,31 city/38 hwy,4-cyl,Turbo Gas,Front Wheel Drive,Automatic,White/Black,,,,,,,,,,,,,,,,
2016,Honda,Fit LX,16998,57000,33 city/41 hwy,4-cyl,Gas,Front Wheel Drive,Automatic,Red/Black,,,,,,,,,,,,,,,,
2017,Honda,HR-V EX-L,20998,52000,27 city/31 hwy,4-cyl,Gas,All Wheel Drive,Automatic,Black/Black,,,,,,,,,,,,,,,,
2015,Honda,Accord Sport,17998,80000,26 city/35 hwy,4-cyl,Gas,Front Wheel Drive,Automatic,Gray/Black,,,,,,,,,,,,,,,,
2013,Honda,Odyssey Touring Elite,21998,77000,19 city/28 hwy,6-cyl,Gas,Front Wheel Drive,Automatic,Burgundy/Tan,,,,,,,,,,,,,,,,
2022,Honda,Civic SI,26998,52000,27 city/37 hwy,4-cyl,Turbo Gas,Front Wheel Drive,Manual 6 Speed,Black/Red,,,,,,,,,,,,,,,,
2022,Honda,CR-V Hybrid EX-L,35998,12000,,4-cyl,Hybrid,All Wheel Drive,Automatic,Black/Black,,,,,,,,,,,,,,,,
2019,Honda,Civic EX,22998,30000,31 city/40 hwy,4-cyl,Turbo Gas,Front Wheel Drive,Automatic,White/Black,,,,,,,,,,,,,,,,
2024,Honda,HR-V Sport,29998,13000,25 city/30 hwy,4-cyl,Gas,All Wheel Drive,Automatic,Green/Black,,,,,,,,,,,,,,,,
2021,Honda,CR-V EX,29998,16000,27 city/32 hwy,4-cyl,Turbo Gas,All Wheel Drive,Automatic,Black/Black,,,,,,,,,,,,,,,,
2019,Honda,Accord Sport,19998,109000,29 city/35 hwy,4-cyl,Turbo Gas,Front Wheel Drive,Automatic,Silver/Black,,,,,,,,,,,,,,,,
2019,Honda,Insight Touring,24998,29000,51 city/45 hwy,4-cyl,Hybrid,Front Wheel Drive,Automatic,Blue/Cream,,,,,,,,,,,,,,,,
2014,Honda,Odyssey EX-L,16998,126000,19 city/28 hwy,6-cyl,Gas,Front Wheel Drive,Automatic,Gray/Gray,,,,,,,,,,,,,,,,
2022,Honda,Passport EX-L,30998,34000,19 city/24 hwy,6-cyl,Gas,All Wheel Drive,Automatic,Silver/Gray,,,,,,,,,,,,,,,,
2020,Honda,CR-V EX,26998,40000,27 city/32 hwy,4-cyl,Turbo Gas,All Wheel Drive,Automatic,Pearl/Black,,,,,,,,,,,,,,,,
2020,Honda,Accord Sport,26998,24000,22 city/32 hwy,4-cyl,Turbo Gas,Front Wheel Drive,Automatic,Red/Black,,,,,,,,,,,,,,,,
2021,Honda,Insight Touring,23998,68000,51 city/45 hwy,4-cyl,Hybrid,Front Wheel Drive,Automatic,Red/Gray,,,,,,,,,,,,,,,,
2018,Honda,CR-V LX,25998,16000,25 city/31 hwy,4-cyl,Gas,All Wheel Drive,Automatic,Black/Black,,,,,,,,,,,,,,,,
2022,Honda,Ridgeline Black Edition,34998,34000,18 city/24 hwy,6-cyl,Gas,All Wheel Drive,Automatic,White/Black,5 ft,,,,,,,,,,,,,,,
2013,Honda,Accord EX-L,20998,38000,21 city/34 hwy,6-cyl,Gas,Front Wheel Drive,Automatic,Gray/Gray,,,,,,,,,,,,,,,,
2022,Honda,Odyssey Elite,48998,7000,19 city/28 hwy,6-cyl,Gas,Front Wheel Drive,Automatic,Red/Tan,,,,,,,,,,,,,,,,
2013,Honda,Pilot EX-L,17998,108000,17 city/24 hwy,6-cyl,Gas,Four Wheel Drive,Automatic,Black/Gray,,,,,,,,,,,,,,,,
2018,Honda,Accord EX-L,19998,124000,23 city/34 hwy,4-cyl,Turbo Gas,Front Wheel Drive,Automatic,Gray/Gray,,,,,,,,,,,,,,,,
2018,Honda,HR-V EX,20998,42000,27 city/31 hwy,4-cyl,Gas,All Wheel Drive,Automatic,Red/Black,,,,,,,,,,,,,,,,
2020,Honda,Pilot EX,26998,50000,18 city/26 hwy,6-cyl,Gas,All Wheel Drive,Automatic,Burgundy/Cream,,,,,,,,,,,,,,,,
2020,Honda,Pilot Black Edition,33998,50000,19 city/26 hwy,6-cyl,Gas,All Wheel Drive,Automatic,Black/Blue,,,,,,,,,,,,,,,,
2023,Honda,Accord EX,27998,9000,29 city/37 hwy,4-cyl,Turbo Gas,Front Wheel Drive,Automatic,Gray/Black,,,,,,,,,,,,,,,,
2014,Honda,CR-V EX,17998,77000,22 city/30 hwy,4-cyl,Gas,All Wheel Drive,Automatic,Gray/Gray,,,,,,,,,,,,,,,,
2022,Honda,CR-V Hybrid EX-L,34998,30000,,4-cyl,Hybrid,All Wheel Drive,Automatic,White/Tan,,,,,,,,,,,,,,,,
2019,Honda,CR-V EX-L,25998,54000,27 city/33 hwy,4-cyl,Turbo Gas,All Wheel Drive,Automatic,Red/Tan,,,,,,,,,,,,,,,,
2024,Honda,HR-V LX,26998,12000,25 city/30 hwy,4-cyl,Gas,All Wheel Drive,Automatic,Gray/Gray,,,,,,,,,,,,,,,,
2016,Honda,Pilot Touring,20998,120000,19 city/26 hwy,6-cyl,Gas,All Wheel Drive,Automatic,White/Cream,,,,,,,,,,,,,,,,
2021,Honda,Civic Type-R Touring,43998,8000,22 city/28 hwy,4-cyl,Turbo Gas,Front Wheel Drive,Manual 6 Speed,White/Red,,,,,,,,,,,,,,,,
2022,Honda,Accord Sport,29998,10000,29 city/35 hwy,4-cyl,Turbo Gas,Front Wheel Drive,Automatic,Black/Black,,,,,,,,,,,,,,,,
2014,Honda,Odyssey EX,19998,86000,19 city/28 hwy,6-cyl,Gas,Front Wheel Drive,Automatic,Gray/Gray,,,,,,,,,,,,,,,,
2015,Honda,CR-V EX-L,18998,81000,26 city/33 hwy,4-cyl,Gas,All Wheel Drive,Automatic,Gray/Gray,,,,,,,,,,,,,,,,
2023,Honda,CR-V Hybrid Sport,33998,12000,43 city/36 hwy,4-cyl,Hybrid,Front Wheel Drive,Automatic,Silver/Black,,,,,,,,,,,,,,,,
2020,Honda,Accord Sport,24998,29000,29 city/35 hwy,4-cyl,Turbo Gas,Front Wheel Drive,Automatic,Gray/Black,,,,,,,,,,,,,,,,
2022,Honda,CR-V EX-L,33998,4000,27 city/32 hwy,4-cyl,Turbo Gas,All Wheel Drive,Automatic,Black/Black,,,,,,,,,,,,,,,,
2016,Honda,Civic EX,18998,81000,31 city/41 hwy,4-cyl,Gas,Front Wheel Drive,Automatic,Gray/Gray,,,,,,,,,,,,,,,,
